{
"type": "FeatureCollection",
"name": "Delivery_Locations",
"crs": { "type": "name", "properties": { "name": "urn:ogc:def:crs:OGC:1.3:CRS84" } },
"features": [
{ "type": "Feature", "properties": { "X": -8572739.5075000003, "Y": 4709399.4138000002, "OBJECTID": 190522676, "MAR_ID": 227074, "ADDRESS": "31 S STREET NW", "ADDRESS_NUMBER": 31, "ADDRESS_NUMBER_SUFFIX": null, "STREET_NAME": "S", "STREET_TYPE": "STREET", "QUADRANT": "NW", "ZIPCODE": 20001, "CITY": "WASHINGTON", "STATE": "DC", "COUNTRY": "UNITED STATES", "X_COORDINATE": 399113.05, "Y_COORDINATE": 138488.96, "LATITUDE": 38.91426603, "LONGITUDE": -77.01022698, "ADDRESS_TYPE": "ADDRESS", "STATUS": "ACTIVE", "ROUTEID": "11077672", "BLOCKKEY": "37f6f000d3b111098af7a433890acf0b", "SUBBLOCKKEY": "5bf5c19f878dd2c99563c11e79cd7960", "WARD": "Ward 5", "METADATA_ID": 50301253, "NATIONAL_GRID": "18S UJ 25713 09184", "HAS_SSL": "Y", "HAS_PLACE_NAME": "N", "HAS_CONDO": "N", "HAS_RESIDENTIAL_UNIT": "N", "STREET_VIEW_URL": "http://maps.google.com/maps?z=16&layer=c&cbll=38.91426603,-77.01022698&cbp=11,13.1634847216666,,0,2.09", "RESIDENTIAL_TYPE": "RESIDENTIAL", "PLACEMENT": "CENTER OF BUILDING", "SSL_ALIGNMENT": "ALIGNS WELL", "BUILDING": "Y", "SSL": "3106    0043", "SQUARE": "3106", "SUFFIX": null, "LOT": "0043", "MULTIPLE_LAND_SSL": null, "GRID_DIRECTION": "WEST", "HOUSING_UNIT_COUNT": 1, "RESIDENTIAL_UNIT_COUNT": 0, "BEFORE_DATE": null, "BEFORE_DATE_SOURCE": null, "BEGIN_DATE": "1898-07-05T00:00:01Z", "BEGIN_DATE_SOURCE": "BUILDING PERMIT", "FIRST_KNOWN_DATE": null, "FIRST_KNOWN_DATE_SOURCE": null, "CREATED_DATE": "2005-05-12T00:00:00Z", "LAST_EDITED_DATE": "2008-01-17T10:05:45Z", "SE_ANNO_CAD_DATA": null, "SMD": "SMD 5E03", "ANC": "ANC 5E" }, "geometry": { "type": "Point", "coordinates": [ -77.01022698, 38.91426603 ] } },
{ "type": "Feature", "properties": { "X": -8566996.5796000008, "Y": 4701734.8695, "OBJECTID": 190523950, "MAR_ID": 48460, "ADDRESS": "2330 BRANCH AVENUE SE", "ADDRESS_NUMBER": 2330, "ADDRESS_NUMBER_SUFFIX": null, "STREET_NAME": "BRANCH", "STREET_TYPE": "AVENUE", "QUADRANT": "SE", "ZIPCODE": 20020, "CITY": "WASHINGTON", "STATE": "DC", "COUNTRY": "UNITED STATES", "X_COORDINATE": 403589.93, "Y_COORDINATE": 132540.5, "LATITUDE": 38.86067318, "LONGITUDE": -76.9586374, "ADDRESS_TYPE": "ADDRESS", "STATUS": "ACTIVE", "ROUTEID": "13017352", "BLOCKKEY": "ab55d6e159798aed740401182f3c13df", "SUBBLOCKKEY": "9c64442ef0411f71a2f4b0f2d2a85ff8", "WARD": "Ward 7", "METADATA_ID": 50302528, "NATIONAL_GRID": "18S UJ 30059 03138", "HAS_SSL": "Y", "HAS_PLACE_NAME": "N", "HAS_CONDO": "N", "HAS_RESIDENTIAL_UNIT": "N", "STREET_VIEW_URL": "http://maps.google.com/maps?z=16&layer=c&cbll=38.86067318,-76.9586374&cbp=11,352.200077378124,,0,2.09", "RESIDENTIAL_TYPE": "RESIDENTIAL", "PLACEMENT": "CENTER OF BUILDING", "SSL_ALIGNMENT": "ALIGNS WELL", "BUILDING": "Y", "SSL": "5679    0002", "SQUARE": "5679", "SUFFIX": null, "LOT": "0002", "MULTIPLE_LAND_SSL": null, "GRID_DIRECTION": "SOUTH", "HOUSING_UNIT_COUNT": 1, "RESIDENTIAL_UNIT_COUNT": 0, "BEFORE_DATE": null, "BEFORE_DATE_SOURCE": null, "BEGIN_DATE": "1928-07-24T00:00:01Z", "BEGIN_DATE_SOURCE": "BUILDING PERMIT", "FIRST_KNOWN_DATE": null, "FIRST_KNOWN_DATE_SOURCE": null, "CREATED_DATE": "2005-05-12T00:00:00Z", "LAST_EDITED_DATE": null, "SE_ANNO_CAD_DATA": null, "SMD": "SMD 7B06", "ANC": "ANC 7B" }, "geometry": { "type": "Point", "coordinates": [ -76.9586374, 38.86067318 ] } },
{ "type": "Feature", "properties": { "X": -8579933.4229000006, "Y": 4710209.8453000002, "OBJECTID": 190524019, "MAR_ID": 270167, "ADDRESS": "2325 HUIDEKOPER PLACE NW", "ADDRESS_NUMBER": 2325, "ADDRESS_NUMBER_SUFFIX": null, "STREET_NAME": "HUIDEKOPER", "STREET_TYPE": "PLACE", "QUADRANT": "NW", "ZIPCODE": 20007, "CITY": "WASHINGTON", "STATE": "DC", "COUNTRY": "UNITED STATES", "X_COORDINATE": 393508.95, "Y_COORDINATE": 139120.37, "LATITUDE": 38.91993046, "LONGITUDE": -77.074851, "ADDRESS_TYPE": "ADDRESS", "STATUS": "ACTIVE", "ROUTEID": "11047122", "BLOCKKEY": "e4618bc016816800b239593a65bdfe5b", "SUBBLOCKKEY": "656d385a74589831fe8fc5f7427441bf", "WARD": "Ward 3", "METADATA_ID": 50302597, "NATIONAL_GRID": "18S UJ 20124 09938", "HAS_SSL": "Y", "HAS_PLACE_NAME": "N", "HAS_CONDO": "N", "HAS_RESIDENTIAL_UNIT": "N", "STREET_VIEW_URL": "http://maps.google.com/maps?z=16&layer=c&cbll=38.91993046,-77.074851&cbp=11,69.3400689710276,,0,2.09", "RESIDENTIAL_TYPE": "RESIDENTIAL", "PLACEMENT": "CENTER OF BUILDING", "SSL_ALIGNMENT": "ALIGNS WELL", "BUILDING": "Y", "SSL": "1301    1240", "SQUARE": "1301", "SUFFIX": null, "LOT": "1240", "MULTIPLE_LAND_SSL": null, "GRID_DIRECTION": "NORTH", "HOUSING_UNIT_COUNT": 1, "RESIDENTIAL_UNIT_COUNT": 0, "BEFORE_DATE": null, "BEFORE_DATE_SOURCE": null, "BEGIN_DATE": "1938-07-11T00:00:01Z", "BEGIN_DATE_SOURCE": "BUILDING PERMIT", "FIRST_KNOWN_DATE": null, "FIRST_KNOWN_DATE_SOURCE": null, "CREATED_DATE": "2005-05-12T00:00:00Z", "LAST_EDITED_DATE": null, "SE_ANNO_CAD_DATA": null, "SMD": "SMD 3B05", "ANC": "ANC 3B" }, "geometry": { "type": "Point", "coordinates": [ -77.074851, 38.91993046 ] } },
{ "type": "Feature", "properties": { "X": -8577814.8276000004, "Y": 4707263.5014000004, "OBJECTID": 190524033, "MAR_ID": 279606, "ADDRESS": "2650 VIRGINIA AVENUE NW", "ADDRESS_NUMBER": 2650, "ADDRESS_NUMBER_SUFFIX": null, "STREET_NAME": "VIRGINIA", "STREET_TYPE": "AVENUE", "QUADRANT": "NW", "ZIPCODE": 20037, "CITY": "WASHINGTON", "STATE": "DC", "COUNTRY": "UNITED STATES", "X_COORDINATE": 395157.97, "Y_COORDINATE": 136832.94, "LATITUDE": 38.89933514, "LONGITUDE": -77.05581934, "ADDRESS_TYPE": "ADDRESS", "STATUS": "ACTIVE", "ROUTEID": "21089891", "BLOCKKEY": "8426f946fe2063818d209dc54180b41a", "SUBBLOCKKEY": "4f377343e7df17cd7b92c1119ad399d9", "WARD": "Ward 2", "METADATA_ID": 50302611, "NATIONAL_GRID": "18S UJ 21723 07615", "HAS_SSL": "Y", "HAS_PLACE_NAME": "Y", "HAS_CONDO": "N", "HAS_RESIDENTIAL_UNIT": "N", "STREET_VIEW_URL": null, "RESIDENTIAL_TYPE": "NON RESIDENTIAL", "PLACEMENT": "MAIN ENTRANCE", "SSL_ALIGNMENT": "ALIGNS WELL", "BUILDING": "Y", "SSL": "0008    0813", "SQUARE": "0008", "SUFFIX": null, "LOT": "0813", "MULTIPLE_LAND_SSL": null, "GRID_DIRECTION": "WEST", "HOUSING_UNIT_COUNT": 0, "RESIDENTIAL_UNIT_COUNT": 0, "BEFORE_DATE": null, "BEFORE_DATE_SOURCE": null, "BEGIN_DATE": "1967-01-01T00:00:01Z", "BEGIN_DATE_SOURCE": "OP HISTORIC BUILDING DATA", "FIRST_KNOWN_DATE": null, "FIRST_KNOWN_DATE_SOURCE": null, "CREATED_DATE": "2011-05-27T10:31:40Z", "LAST_EDITED_DATE": "2011-05-27T10:31:40Z", "SE_ANNO_CAD_DATA": null, "SMD": "SMD 2A04", "ANC": "ANC 2A" }, "geometry": { "type": "Point", "coordinates": [ -77.05581934, 38.89933514 ] } },
{ "type": "Feature", "properties": { "X": -8569212.5451999996, "Y": 4707130.6177000003, "OBJECTID": 190526068, "MAR_ID": 286448, "ADDRESS": "1729 GALES PLACE NE", "ADDRESS_NUMBER": 1729, "ADDRESS_NUMBER_SUFFIX": null, "STREET_NAME": "GALES", "STREET_TYPE": "PLACE", "QUADRANT": "NE", "ZIPCODE": 20002, "CITY": "WASHINGTON", "STATE": "DC", "COUNTRY": "UNITED STATES", "X_COORDINATE": 401861.24, "Y_COORDINATE": 136728.55, "LATITUDE": 38.89840612, "LONGITUDE": -76.97854375, "ADDRESS_TYPE": "ADDRESS", "STATUS": "ACTIVE", "ROUTEID": "12038932", "BLOCKKEY": "e4da6848c8a24f24bd0ea7cde4d94632", "SUBBLOCKKEY": "38440a398a3953c99279ccdbab77f4d0", "WARD": "Ward 7", "METADATA_ID": 50304650, "NATIONAL_GRID": "18S UJ 28422 07363", "HAS_SSL": "Y", "HAS_PLACE_NAME": "N", "HAS_CONDO": "N", "HAS_RESIDENTIAL_UNIT": "N", "STREET_VIEW_URL": "http://maps.google.com/maps?z=16&layer=c&cbll=38.89840612,-76.97854375&cbp=11,184.253584421379,,0,2.09", "RESIDENTIAL_TYPE": "RESIDENTIAL", "PLACEMENT": "MAIN ENTRANCE", "SSL_ALIGNMENT": "ALIGNS WELL", "BUILDING": "Y", "SSL": "4511    0053", "SQUARE": "4511", "SUFFIX": null, "LOT": "0053", "MULTIPLE_LAND_SSL": null, "GRID_DIRECTION": "EAST", "HOUSING_UNIT_COUNT": 1, "RESIDENTIAL_UNIT_COUNT": 0, "BEFORE_DATE": null, "BEFORE_DATE_SOURCE": null, "BEGIN_DATE": "1949-03-17T00:00:01Z", "BEGIN_DATE_SOURCE": "BUILDING PERMIT", "FIRST_KNOWN_DATE": null, "FIRST_KNOWN_DATE_SOURCE": null, "CREATED_DATE": "2005-05-12T00:00:00Z", "LAST_EDITED_DATE": null, "SE_ANNO_CAD_DATA": null, "SMD": "SMD 7D06", "ANC": "ANC 7D" }, "geometry": { "type": "Point", "coordinates": [ -76.97854375, 38.89840612 ] } },
{ "type": "Feature", "properties": { "X": -8571027.8506000005, "Y": 4715187.7940999996, "OBJECTID": 190528008, "MAR_ID": 78053, "ADDRESS": "726 HAMILTON STREET NE", "ADDRESS_NUMBER": 726, "ADDRESS_NUMBER_SUFFIX": null, "STREET_NAME": "HAMILTON", "STREET_TYPE": "STREET", "QUADRANT": "NE", "ZIPCODE": 20011, "CITY": "WASHINGTON", "STATE": "DC", "COUNTRY": "UNITED STATES", "X_COORDINATE": 400446.31, "Y_COORDINATE": 142978.93, "LATITUDE": 38.95471337, "LONGITUDE": -76.9948509, "ADDRESS_TYPE": "ADDRESS", "STATUS": "ACTIVE", "ROUTEID": "12042902", "BLOCKKEY": "67f6f6f45dc5437192288aaf53cfbc29", "SUBBLOCKKEY": "81c2b29b0168604547c37b7d40504849", "WARD": "Ward 5", "METADATA_ID": 50306592, "NATIONAL_GRID": "18S UJ 27145 13643", "HAS_SSL": "Y", "HAS_PLACE_NAME": "N", "HAS_CONDO": "N", "HAS_RESIDENTIAL_UNIT": "N", "STREET_VIEW_URL": "http://maps.google.com/maps?z=16&layer=c&cbll=38.95471337,-76.9948509&cbp=11,343.258756678188,,0,2.09", "RESIDENTIAL_TYPE": "RESIDENTIAL", "PLACEMENT": "CENTER OF BUILDING", "SSL_ALIGNMENT": "ALIGNS WELL", "BUILDING": "Y", "SSL": "3751    0037", "SQUARE": "3751", "SUFFIX": null, "LOT": "0037", "MULTIPLE_LAND_SSL": null, "GRID_DIRECTION": "EAST", "HOUSING_UNIT_COUNT": 1, "RESIDENTIAL_UNIT_COUNT": 0, "BEFORE_DATE": null, "BEFORE_DATE_SOURCE": null, "BEGIN_DATE": "1953-09-03T00:00:01Z", "BEGIN_DATE_SOURCE": "BUILDING PERMIT", "FIRST_KNOWN_DATE": null, "FIRST_KNOWN_DATE_SOURCE": null, "CREATED_DATE": "2005-05-12T00:00:00Z", "LAST_EDITED_DATE": null, "SE_ANNO_CAD_DATA": null, "SMD": "SMD 5A01", "ANC": "ANC 5A" }, "geometry": { "type": "Point", "coordinates": [ -76.9948509, 38.95471337 ] } },
{ "type": "Feature", "properties": { "X": -8570424.1028000005, "Y": 4711284.3205000004, "OBJECTID": 190528280, "MAR_ID": 71234, "ADDRESS": "1219 HAMLIN STREET NE", "ADDRESS_NUMBER": 1219, "ADDRESS_NUMBER_SUFFIX": null, "STREET_NAME": "HAMLIN", "STREET_TYPE": "STREET", "QUADRANT": "NE", "ZIPCODE": 20017, "CITY": "WASHINGTON", "STATE": "DC", "COUNTRY": "UNITED STATES", "X_COORDINATE": 400916.76, "Y_COORDINATE": 139951.35, "LATITUDE": 38.92743968, "LONGITUDE": -76.98942735, "ADDRESS_TYPE": "ADDRESS", "STATUS": "ACTIVE", "ROUTEID": "12043032", "BLOCKKEY": "ef438ad268971598a118e4bf704f7f67", "SUBBLOCKKEY": "23812b50356a3c961d389c3f155f6142", "WARD": "Ward 5", "METADATA_ID": 50306864, "NATIONAL_GRID": "18S UJ 27549 10606", "HAS_SSL": "Y", "HAS_PLACE_NAME": "N", "HAS_CONDO": "N", "HAS_RESIDENTIAL_UNIT": "N", "STREET_VIEW_URL": "http://maps.google.com/maps?z=16&layer=c&cbll=38.92743968,-76.98942735&cbp=11,179.466312894934,,0,2.09", "RESIDENTIAL_TYPE": "NON RESIDENTIAL", "PLACEMENT": "CENTER OF BUILDING", "SSL_ALIGNMENT": "ALIGNS WELL", "BUILDING": "Y", "SSL": "3934    0830", "SQUARE": "3934", "SUFFIX": null, "LOT": "0830", "MULTIPLE_LAND_SSL": null, "GRID_DIRECTION": "EAST", "HOUSING_UNIT_COUNT": 0, "RESIDENTIAL_UNIT_COUNT": 0, "BEFORE_DATE": null, "BEFORE_DATE_SOURCE": null, "BEGIN_DATE": "1999-01-01T00:00:00Z", "BEGIN_DATE_SOURCE": "OP HISTORIC BUILDING DATA", "FIRST_KNOWN_DATE": null, "FIRST_KNOWN_DATE_SOURCE": null, "CREATED_DATE": "2005-05-12T00:00:00Z", "LAST_EDITED_DATE": null, "SE_ANNO_CAD_DATA": null, "SMD": "SMD 5B03", "ANC": "ANC 5B" }, "geometry": { "type": "Point", "coordinates": [ -76.98942735, 38.92743968 ] } },
{ "type": "Feature", "properties": { "X": -8572447.1163, "Y": 4717210.5793000003, "OBJECTID": 190529290, "MAR_ID": 50671, "ADDRESS": "22 UNDERWOOD PLACE NE", "ADDRESS_NUMBER": 22, "ADDRESS_NUMBER_SUFFIX": null, "STREET_NAME": "UNDERWOOD", "STREET_TYPE": "PLACE", "QUADRANT": "NE", "ZIPCODE": 20012, "CITY": "WASHINGTON", "STATE": "DC", "COUNTRY": "UNITED STATES", "X_COORDINATE": 399341.35, "Y_COORDINATE": 144547.41, "LATITUDE": 38.9688425, "LONGITUDE": -77.00760038, "ADDRESS_TYPE": "ADDRESS", "STATUS": "ACTIVE", "ROUTEID": "12087362", "BLOCKKEY": "3c1c3d7718bbd7a956171192fe02669b", "SUBBLOCKKEY": "b5cc8a35943859ad1fd962d088621a90", "WARD": "Ward 4", "METADATA_ID": 50307874, "NATIONAL_GRID": "18S UJ 26075 15236", "HAS_SSL": "Y", "HAS_PLACE_NAME": "N", "HAS_CONDO": "N", "HAS_RESIDENTIAL_UNIT": "N", "STREET_VIEW_URL": "http://maps.google.com/maps?z=16&layer=c&cbll=38.9688425,-77.00760038&cbp=11,45.7978420131689,,0,2.09", "RESIDENTIAL_TYPE": "RESIDENTIAL", "PLACEMENT": "CENTER OF BUILDING", "SSL_ALIGNMENT": "ALIGNS WELL", "BUILDING": "Y", "SSL": "3729    0022", "SQUARE": "3729", "SUFFIX": null, "LOT": "0022", "MULTIPLE_LAND_SSL": null, "GRID_DIRECTION": "EAST", "HOUSING_UNIT_COUNT": 1, "RESIDENTIAL_UNIT_COUNT": 0, "BEFORE_DATE": null, "BEFORE_DATE_SOURCE": null, "BEGIN_DATE": "1952-09-11T00:00:01Z", "BEGIN_DATE_SOURCE": "BUILDING PERMIT", "FIRST_KNOWN_DATE": null, "FIRST_KNOWN_DATE_SOURCE": null, "CREATED_DATE": "2005-05-12T00:00:00Z", "LAST_EDITED_DATE": null, "SE_ANNO_CAD_DATA": null, "SMD": "SMD 4B07", "ANC": "ANC 4B" }, "geometry": { "type": "Point", "coordinates": [ -77.00760038, 38.9688425 ] } },
{ "type": "Feature", "properties": { "X": -8567582.7204999998, "Y": 4710787.1541999998, "OBJECTID": 190529308, "MAR_ID": 45854, "ADDRESS": "2610 31ST STREET NE", "ADDRESS_NUMBER": 2610, "ADDRESS_NUMBER_SUFFIX": null, "STREET_NAME": "31ST", "STREET_TYPE": "STREET", "QUADRANT": "NE", "ZIPCODE": 20018, "CITY": "WASHINGTON", "STATE": "DC", "COUNTRY": "UNITED STATES", "X_COORDINATE": 403130.16, "Y_COORDINATE": 139566.22, "LATITUDE": 38.92396522, "LONGITUDE": -76.96390278, "ADDRESS_TYPE": "ADDRESS", "STATUS": "ACTIVE", "ROUTEID": "12003102", "BLOCKKEY": "47428e447f6371075637da7588d13ea0", "SUBBLOCKKEY": "51f70e97fbbf921cbb3227b799aaf079", "WARD": "Ward 5", "METADATA_ID": 50307892, "NATIONAL_GRID": "18S UJ 29753 10173", "HAS_SSL": "Y", "HAS_PLACE_NAME": "N", "HAS_CONDO": "N", "HAS_RESIDENTIAL_UNIT": "N", "STREET_VIEW_URL": "http://maps.google.com/maps?z=16&layer=c&cbll=38.92396522,-76.96390278&cbp=11,270.070511560836,,0,2.09", "RESIDENTIAL_TYPE": "RESIDENTIAL", "PLACEMENT": "CENTER OF BUILDING", "SSL_ALIGNMENT": "ALIGNS WELL", "BUILDING": "Y", "SSL": "4353E   0807", "SQUARE": "4353", "SUFFIX": "E", "LOT": "0807", "MULTIPLE_LAND_SSL": null, "GRID_DIRECTION": "NORTH", "HOUSING_UNIT_COUNT": 1, "RESIDENTIAL_UNIT_COUNT": 0, "BEFORE_DATE": null, "BEFORE_DATE_SOURCE": null, "BEGIN_DATE": "1954-04-28T00:00:01Z", "BEGIN_DATE_SOURCE": "BUILDING PERMIT", "FIRST_KNOWN_DATE": null, "FIRST_KNOWN_DATE_SOURCE": null, "CREATED_DATE": "2005-05-12T00:00:00Z", "LAST_EDITED_DATE": "2007-09-21T11:37:35Z", "SE_ANNO_CAD_DATA": null, "SMD": "SMD 5C04", "ANC": "ANC 5C" }, "geometry": { "type": "Point", "coordinates": [ -76.96390278, 38.92396522 ] } },
{ "type": "Feature", "properties": { "X": -8570324.5026999991, "Y": 4707608.1118000001, "OBJECTID": 190530432, "MAR_ID": 81794, "ADDRESS": "904 13TH STREET NE", "ADDRESS_NUMBER": 904, "ADDRESS_NUMBER_SUFFIX": null, "STREET_NAME": "13TH", "STREET_TYPE": "STREET", "QUADRANT": "NE", "ZIPCODE": 20002, "CITY": "WASHINGTON", "STATE": "DC", "COUNTRY": "UNITED STATES", "X_COORDINATE": 400994.7, "Y_COORDINATE": 137098.96, "LATITUDE": 38.90174398, "LONGITUDE": -76.98853263, "ADDRESS_TYPE": "ADDRESS", "STATUS": "ACTIVE", "ROUTEID": "12001302", "BLOCKKEY": "57bae7e1f98153380a317f55672d4cb3", "SUBBLOCKKEY": "57bae7e1f98153380a317f55672d4cb3", "WARD": "Ward 6", "METADATA_ID": 50309017, "NATIONAL_GRID": "18S UJ 27564 07747", "HAS_SSL": "Y", "HAS_PLACE_NAME": "N", "HAS_CONDO": "N", "HAS_RESIDENTIAL_UNIT": "N", "STREET_VIEW_URL": "http://maps.google.com/maps?z=16&layer=c&cbll=38.90169243,-76.9885286&cbp=11,265.285562996226,,0,2.09", "RESIDENTIAL_TYPE": "RESIDENTIAL", "PLACEMENT": "CENTER OF BUILDING", "SSL_ALIGNMENT": "ALIGNS WELL", "BUILDING": "Y", "SSL": "1002    0028", "SQUARE": "1002", "SUFFIX": null, "LOT": "0028", "MULTIPLE_LAND_SSL": null, "GRID_DIRECTION": "NORTH", "HOUSING_UNIT_COUNT": 1, "RESIDENTIAL_UNIT_COUNT": 0, "BEFORE_DATE": null, "BEFORE_DATE_SOURCE": null, "BEGIN_DATE": "1887-01-01T00:00:01Z", "BEGIN_DATE_SOURCE": "OP HISTORIC BUILDING DATA", "FIRST_KNOWN_DATE": null, "FIRST_KNOWN_DATE_SOURCE": null, "CREATED_DATE": "2019-08-07T08:19:49Z", "LAST_EDITED_DATE": null, "SE_ANNO_CAD_DATA": null, "SMD": "SMD 6A01", "ANC": "ANC 6A" }, "geometry": { "type": "Point", "coordinates": [ -76.98853263, 38.90174398 ] } },
{ "type": "Feature", "properties": { "X": -8573510.9855000004, "Y": 4714206.3942999998, "OBJECTID": 190531751, "MAR_ID": 243903, "ADDRESS": "4711 4TH STREET NW", "ADDRESS_NUMBER": 4711, "ADDRESS_NUMBER_SUFFIX": null, "STREET_NAME": "4TH", "STREET_TYPE": "STREET", "QUADRANT": "NW", "ZIPCODE": 20011, "CITY": "WASHINGTON", "STATE": "DC", "COUNTRY": "UNITED STATES", "X_COORDINATE": 398512.71, "Y_COORDINATE": 142217.97, "LATITUDE": 38.94785729, "LONGITUDE": -77.01715728000001, "ADDRESS_TYPE": "ADDRESS", "STATUS": "ACTIVE", "ROUTEID": "11000402", "BLOCKKEY": "6168dd649587eb58e1e7b94c1e68bd62", "SUBBLOCKKEY": "6168dd649587eb58e1e7b94c1e68bd62", "WARD": "Ward 4", "METADATA_ID": 50310336, "NATIONAL_GRID": "18S UJ 25195 12925", "HAS_SSL": "Y", "HAS_PLACE_NAME": "N", "HAS_CONDO": "N", "HAS_RESIDENTIAL_UNIT": "N", "STREET_VIEW_URL": "http://maps.google.com/maps?z=16&layer=c&cbll=38.94785729,-77.01715728&cbp=11,89.6002271975092,,0,2.09", "RESIDENTIAL_TYPE": "RESIDENTIAL", "PLACEMENT": "CENTER OF BUILDING", "SSL_ALIGNMENT": "ALIGNS WELL", "BUILDING": "Y", "SSL": "3305    0023", "SQUARE": "3305", "SUFFIX": null, "LOT": "0023", "MULTIPLE_LAND_SSL": null, "GRID_DIRECTION": "NORTH", "HOUSING_UNIT_COUNT": 1, "RESIDENTIAL_UNIT_COUNT": 0, "BEFORE_DATE": null, "BEFORE_DATE_SOURCE": null, "BEGIN_DATE": "1926-05-27T00:00:01Z", "BEGIN_DATE_SOURCE": "BUILDING PERMIT", "FIRST_KNOWN_DATE": null, "FIRST_KNOWN_DATE_SOURCE": null, "CREATED_DATE": "2005-05-12T00:00:00Z", "LAST_EDITED_DATE": null, "SE_ANNO_CAD_DATA": null, "SMD": "SMD 4D05", "ANC": "ANC 4D" }, "geometry": { "type": "Point", "coordinates": [ -77.01715728, 38.94785729 ] } },
{ "type": "Feature", "properties": { "X": -8573347.0442999993, "Y": 4714936.191, "OBJECTID": 190531923, "MAR_ID": 244663, "ADDRESS": "5123 3RD STREET NW", "ADDRESS_NUMBER": 5123, "ADDRESS_NUMBER_SUFFIX": null, "STREET_NAME": "3RD", "STREET_TYPE": "STREET", "QUADRANT": "NW", "ZIPCODE": 20011, "CITY": "WASHINGTON", "STATE": "DC", "COUNTRY": "UNITED STATES", "X_COORDINATE": 398640.47, "Y_COORDINATE": 142783.92, "LATITUDE": 38.95295573, "LONGITUDE": -77.01568457, "ADDRESS_TYPE": "ADDRESS", "STATUS": "ACTIVE", "ROUTEID": "11000302", "BLOCKKEY": "b34ba1ae487055ce311521407ada7019", "SUBBLOCKKEY": "b34ba1ae487055ce311521407ada7019", "WARD": "Ward 4", "METADATA_ID": 50310508, "NATIONAL_GRID": "18S UJ 25335 13488", "HAS_SSL": "Y", "HAS_PLACE_NAME": "N", "HAS_CONDO": "N", "HAS_RESIDENTIAL_UNIT": "N", "STREET_VIEW_URL": "http://maps.google.com/maps?z=16&layer=c&cbll=38.95295573,-77.01568457&cbp=11,105.934186561169,,0,2.09", "RESIDENTIAL_TYPE": "RESIDENTIAL", "PLACEMENT": "CENTER OF BUILDING", "SSL_ALIGNMENT": "ALIGNS WELL", "BUILDING": "Y", "SSL": "3326    0013", "SQUARE": "3326", "SUFFIX": null, "LOT": "0013", "MULTIPLE_LAND_SSL": null, "GRID_DIRECTION": "NORTH", "HOUSING_UNIT_COUNT": 1, "RESIDENTIAL_UNIT_COUNT": 0, "BEFORE_DATE": null, "BEFORE_DATE_SOURCE": null, "BEGIN_DATE": "1935-09-23T00:00:01Z", "BEGIN_DATE_SOURCE": "BUILDING PERMIT", "FIRST_KNOWN_DATE": null, "FIRST_KNOWN_DATE_SOURCE": null, "CREATED_DATE": "2005-05-12T00:00:00Z", "LAST_EDITED_DATE": null, "SE_ANNO_CAD_DATA": null, "SMD": "SMD 4D08", "ANC": "ANC 4D" }, "geometry": { "type": "Point", "coordinates": [ -77.01568457, 38.95295573 ] } },
{ "type": "Feature", "properties": { "X": -8581416.2227999996, "Y": 4713204.0925000003, "OBJECTID": 190534419, "MAR_ID": 268237, "ADDRESS": "4460 SEDGWICK STREET NW", "ADDRESS_NUMBER": 4460, "ADDRESS_NUMBER_SUFFIX": null, "STREET_NAME": "SEDGWICK", "STREET_TYPE": "STREET", "QUADRANT": "NW", "ZIPCODE": 20016, "CITY": "WASHINGTON", "STATE": "DC", "COUNTRY": "UNITED STATES", "X_COORDINATE": 392356.07, "Y_COORDINATE": 141444.15, "LATITUDE": 38.9408545, "LONGITUDE": -77.08817121, "ADDRESS_TYPE": "ADDRESS", "STATUS": "ACTIVE", "ROUTEID": "11079042", "BLOCKKEY": "6e74277a026d3c0f471294277c96ab16", "SUBBLOCKKEY": "6e74277a026d3c0f471294277c96ab16", "WARD": "Ward 3", "METADATA_ID": 50313005, "NATIONAL_GRID": "18S UJ 19023 12286", "HAS_SSL": "Y", "HAS_PLACE_NAME": "N", "HAS_CONDO": "N", "HAS_RESIDENTIAL_UNIT": "N", "STREET_VIEW_URL": "http://maps.google.com/maps?z=16&layer=c&cbll=38.9408545,-77.08817121&cbp=11,233.51364496004,,0,2.09", "RESIDENTIAL_TYPE": "RESIDENTIAL", "PLACEMENT": "CENTER OF BUILDING", "SSL_ALIGNMENT": "ALIGNS WELL", "BUILDING": "Y", "SSL": "1599    0004", "SQUARE": "1599", "SUFFIX": null, "LOT": "0004", "MULTIPLE_LAND_SSL": null, "GRID_DIRECTION": "WEST", "HOUSING_UNIT_COUNT": 1, "RESIDENTIAL_UNIT_COUNT": 0, "BEFORE_DATE": null, "BEFORE_DATE_SOURCE": null, "BEGIN_DATE": "1954-06-09T00:00:01Z", "BEGIN_DATE_SOURCE": "BUILDING PERMIT", "FIRST_KNOWN_DATE": null, "FIRST_KNOWN_DATE_SOURCE": null, "CREATED_DATE": "2005-05-12T00:00:00Z", "LAST_EDITED_DATE": null, "SE_ANNO_CAD_DATA": null, "SMD": "SMD 3E06", "ANC": "ANC 3E" }, "geometry": { "type": "Point", "coordinates": [ -77.08817121, 38.9408545 ] } },
{ "type": "Feature", "properties": { "X": -8580791.6248000003, "Y": 4708688.328, "OBJECTID": 190535224, "MAR_ID": 271016, "ADDRESS": "1521 FOXHALL ROAD NW", "ADDRESS_NUMBER": 1521, "ADDRESS_NUMBER_SUFFIX": null, "STREET_NAME": "FOXHALL", "STREET_TYPE": "ROAD", "QUADRANT": "NW", "ZIPCODE": 20007, "CITY": "WASHINGTON", "STATE": "DC", "COUNTRY": "UNITED STATES", "X_COORDINATE": 392839.33, "Y_COORDINATE": 137940.39, "LATITUDE": 38.90929527, "LONGITUDE": -77.08256035, "ADDRESS_TYPE": "ADDRESS", "STATUS": "ACTIVE", "ROUTEID": "11037892", "BLOCKKEY": "a2f1bb7741c0255828a5fd9538437ae7", "SUBBLOCKKEY": "a2f1bb7741c0255828a5fd9538437ae7", "WARD": "Ward 3", "METADATA_ID": 50313811, "NATIONAL_GRID": "18S UJ 19427 08771", "HAS_SSL": "Y", "HAS_PLACE_NAME": "N", "HAS_CONDO": "N", "HAS_RESIDENTIAL_UNIT": "N", "STREET_VIEW_URL": "http://maps.google.com/maps?z=16&layer=c&cbll=38.90927568,-77.08258074&cbp=11,55.8231823836637,,0,2.09", "RESIDENTIAL_TYPE": "RESIDENTIAL", "PLACEMENT": "CENTER OF BUILDING", "SSL_ALIGNMENT": "ALIGNS WELL", "BUILDING": "Y", "SSL": "1353    0094", "SQUARE": "1353", "SUFFIX": null, "LOT": "0094", "MULTIPLE_LAND_SSL": null, "GRID_DIRECTION": "NORTH", "HOUSING_UNIT_COUNT": 1, "RESIDENTIAL_UNIT_COUNT": 0, "BEFORE_DATE": null, "BEFORE_DATE_SOURCE": null, "BEGIN_DATE": "1924-12-30T00:00:01Z", "BEGIN_DATE_SOURCE": "BUILDING PERMIT", "FIRST_KNOWN_DATE": null, "FIRST_KNOWN_DATE_SOURCE": null, "CREATED_DATE": "2019-10-11T08:15:29Z", "LAST_EDITED_DATE": null, "SE_ANNO_CAD_DATA": null, "SMD": "SMD 3D07", "ANC": "ANC 3D" }, "geometry": { "type": "Point", "coordinates": [ -77.08256035, 38.90929527 ] } },
{ "type": "Feature", "properties": { "X": -8571402.8146000002, "Y": 4707221.4682, "OBJECTID": 190535737, "MAR_ID": 288750, "ADDRESS": "600 G STREET NE", "ADDRESS_NUMBER": 600, "ADDRESS_NUMBER_SUFFIX": null, "STREET_NAME": "G", "STREET_TYPE": "STREET", "QUADRANT": "NE", "ZIPCODE": 20002, "CITY": "WASHINGTON", "STATE": "DC", "COUNTRY": "UNITED STATES", "X_COORDINATE": 400154.47, "Y_COORDINATE": 136798.84, "LATITUDE": 38.89904128, "LONGITUDE": -76.99821926, "ADDRESS_TYPE": "ADDRESS", "STATUS": "ACTIVE", "ROUTEID": "12038612", "BLOCKKEY": "8129e62d82d9a3d98941ef470c47d5a6", "SUBBLOCKKEY": "ec290c601121701bf993231f6c344b7d", "WARD": "Ward 6", "METADATA_ID": 50314325, "NATIONAL_GRID": "18S UJ 26716 07472", "HAS_SSL": "Y", "HAS_PLACE_NAME": "N", "HAS_CONDO": "N", "HAS_RESIDENTIAL_UNIT": "N", "STREET_VIEW_URL": "http://maps.google.com/maps?z=16&layer=c&cbll=38.89904128,-76.99821926&cbp=11,9.00765689843423,,0,2.09", "RESIDENTIAL_TYPE": "RESIDENTIAL", "PLACEMENT": "CENTER OF BUILDING", "SSL_ALIGNMENT": "ALIGNS WELL", "BUILDING": "Y", "SSL": "0859    0129", "SQUARE": "0859", "SUFFIX": null, "LOT": "0129", "MULTIPLE_LAND_SSL": null, "GRID_DIRECTION": "EAST", "HOUSING_UNIT_COUNT": 1, "RESIDENTIAL_UNIT_COUNT": 0, "BEFORE_DATE": null, "BEFORE_DATE_SOURCE": null, "BEGIN_DATE": "1889-01-16T00:00:01Z", "BEGIN_DATE_SOURCE": "BUILDING PERMIT", "FIRST_KNOWN_DATE": null, "FIRST_KNOWN_DATE_SOURCE": null, "CREATED_DATE": "2005-05-12T00:00:00Z", "LAST_EDITED_DATE": "2006-12-26T16:57:53Z", "SE_ANNO_CAD_DATA": null, "SMD": "SMD 6C05", "ANC": "ANC 6C" }, "geometry": { "type": "Point", "coordinates": [ -76.99821926, 38.89904128 ] } },
{ "type": "Feature", "properties": { "X": -8579593.127, "Y": 4715544.4402000001, "OBJECTID": 190535773, "MAR_ID": 264265, "ADDRESS": "3713 HARRISON STREET NW", "ADDRESS_NUMBER": 3713, "ADDRESS_NUMBER_SUFFIX": null, "STREET_NAME": "HARRISON", "STREET_TYPE": "STREET", "QUADRANT": "NW", "ZIPCODE": 20015, "CITY": "WASHINGTON", "STATE": "DC", "COUNTRY": "UNITED STATES", "X_COORDINATE": 393777.3, "Y_COORDINATE": 143257.93, "LATITUDE": 38.95720474, "LONGITUDE": -77.07179407, "ADDRESS_TYPE": "ADDRESS", "STATUS": "ACTIVE", "ROUTEID": "11043552", "BLOCKKEY": "9a265e175b5fdf9a34ca458e00ae82f5", "SUBBLOCKKEY": "644ac2914b73a27700cde2771ac5e446", "WARD": "Ward 3", "METADATA_ID": 50314361, "NATIONAL_GRID": "18S UJ 20483 14069", "HAS_SSL": "Y", "HAS_PLACE_NAME": "N", "HAS_CONDO": "N", "HAS_RESIDENTIAL_UNIT": "N", "STREET_VIEW_URL": "http://maps.google.com/maps?z=16&layer=c&cbll=38.95720474,-77.07179407&cbp=11,13.4060030367734,,0,2.09", "RESIDENTIAL_TYPE": "RESIDENTIAL", "PLACEMENT": "CENTER OF BUILDING", "SSL_ALIGNMENT": "ALIGNS WELL", "BUILDING": "Y", "SSL": "1876    0058", "SQUARE": "1876", "SUFFIX": null, "LOT": "0058", "MULTIPLE_LAND_SSL": null, "GRID_DIRECTION": "WEST", "HOUSING_UNIT_COUNT": 1, "RESIDENTIAL_UNIT_COUNT": 0, "BEFORE_DATE": null, "BEFORE_DATE_SOURCE": null, "BEGIN_DATE": "1978-01-17T00:00:00Z", "BEGIN_DATE_SOURCE": "BUILDING PERMIT", "FIRST_KNOWN_DATE": null, "FIRST_KNOWN_DATE_SOURCE": null, "CREATED_DATE": "2005-05-12T00:00:00Z", "LAST_EDITED_DATE": null, "SE_ANNO_CAD_DATA": null, "SMD": "SMD 3/4G07", "ANC": "ANC 3/4G" }, "geometry": { "type": "Point", "coordinates": [ -77.07179407, 38.95720474 ] } },
{ "type": "Feature", "properties": { "X": -8580353.8093999997, "Y": 4716417.8333000001, "OBJECTID": 190537241, "MAR_ID": 264843, "ADDRESS": "3921 LIVINGSTON STREET NW", "ADDRESS_NUMBER": 3921, "ADDRESS_NUMBER_SUFFIX": null, "STREET_NAME": "LIVINGSTON", "STREET_TYPE": "STREET", "QUADRANT": "NW", "ZIPCODE": 20015, "CITY": "WASHINGTON", "STATE": "DC", "COUNTRY": "UNITED STATES", "X_COORDINATE": 393185.61, "Y_COORDINATE": 143935.66, "LATITUDE": 38.96330552, "LONGITUDE": -77.07862739, "ADDRESS_TYPE": "ADDRESS", "STATUS": "ACTIVE", "ROUTEID": "11056292", "BLOCKKEY": "bf9b83f871024a06d9d0a9e1664d7473", "SUBBLOCKKEY": "4b78e22bf02729404de6ea1bd75016fb", "WARD": "Ward 3", "METADATA_ID": 50315829, "NATIONAL_GRID": "18S UJ 19907 14759", "HAS_SSL": "Y", "HAS_PLACE_NAME": "N", "HAS_CONDO": "N", "HAS_RESIDENTIAL_UNIT": "N", "STREET_VIEW_URL": "http://maps.google.com/maps?z=16&layer=c&cbll=38.96330552,-77.07862739&cbp=11,351.270020043519,,0,2.09", "RESIDENTIAL_TYPE": "RESIDENTIAL", "PLACEMENT": "CENTER OF BUILDING", "SSL_ALIGNMENT": "ALIGNS WELL", "BUILDING": "Y", "SSL": "1748    0809", "SQUARE": "1748", "SUFFIX": null, "LOT": "0809", "MULTIPLE_LAND_SSL": null, "GRID_DIRECTION": "WEST", "HOUSING_UNIT_COUNT": 1, "RESIDENTIAL_UNIT_COUNT": 0, "BEFORE_DATE": null, "BEFORE_DATE_SOURCE": null, "BEGIN_DATE": "1913-05-15T00:00:01Z", "BEGIN_DATE_SOURCE": "BUILDING PERMIT", "FIRST_KNOWN_DATE": null, "FIRST_KNOWN_DATE_SOURCE": null, "CREATED_DATE": "2005-05-12T00:00:00Z", "LAST_EDITED_DATE": null, "SE_ANNO_CAD_DATA": null, "SMD": "SMD 3/4G06", "ANC": "ANC 3/4G" }, "geometry": { "type": "Point", "coordinates": [ -77.07862739, 38.96330552 ] } },
{ "type": "Feature", "properties": { "X": -8570117.2554000001, "Y": 4702842.2698999997, "OBJECTID": 190540347, "MAR_ID": 68551, "ADDRESS": "1306 S STREET SE", "ADDRESS_NUMBER": 1306, "ADDRESS_NUMBER_SUFFIX": null, "STREET_NAME": "S", "STREET_TYPE": "STREET", "QUADRANT": "SE", "ZIPCODE": 20020, "CITY": "WASHINGTON", "STATE": "DC", "COUNTRY": "UNITED STATES", "X_COORDINATE": 401156.73, "Y_COORDINATE": 133399.61, "LATITUDE": 38.86841896, "LONGITUDE": -76.98667089, "ADDRESS_TYPE": "ADDRESS", "STATUS": "ACTIVE", "ROUTEID": "13077672", "BLOCKKEY": "adc6009ac7423ccef533c257ee20237b", "SUBBLOCKKEY": "adc6009ac7423ccef533c257ee20237b", "WARD": "Ward 8", "METADATA_ID": 50318935, "NATIONAL_GRID": "18S UJ 27645 04051", "HAS_SSL": "Y", "HAS_PLACE_NAME": "N", "HAS_CONDO": "N", "HAS_RESIDENTIAL_UNIT": "N", "STREET_VIEW_URL": "http://maps.google.com/maps?z=16&layer=c&cbll=38.86841896,-76.98667089&cbp=11,352.858573799865,,0,2.09", "RESIDENTIAL_TYPE": "RESIDENTIAL", "PLACEMENT": "CENTER OF BUILDING", "SSL_ALIGNMENT": "ALIGNS WELL", "BUILDING": "Y", "SSL": "5603    0103", "SQUARE": "5603", "SUFFIX": null, "LOT": "0103", "MULTIPLE_LAND_SSL": null, "GRID_DIRECTION": "EAST", "HOUSING_UNIT_COUNT": 1, "RESIDENTIAL_UNIT_COUNT": 0, "BEFORE_DATE": null, "BEFORE_DATE_SOURCE": null, "BEGIN_DATE": "1936-03-31T00:00:01Z", "BEGIN_DATE_SOURCE": "BUILDING PERMIT", "FIRST_KNOWN_DATE": null, "FIRST_KNOWN_DATE_SOURCE": null, "CREATED_DATE": "2009-10-14T11:18:41Z", "LAST_EDITED_DATE": "2009-10-14T11:18:41Z", "SE_ANNO_CAD_DATA": null, "SMD": "SMD 8A02", "ANC": "ANC 8A" }, "geometry": { "type": "Point", "coordinates": [ -76.98667089, 38.86841896 ] } },
{ "type": "Feature", "properties": { "X": -8574808.2216999996, "Y": 4712291.7681999998, "OBJECTID": 190544967, "MAR_ID": 230592, "ADDRESS": "3574 11TH STREET NW", "ADDRESS_NUMBER": 3574, "ADDRESS_NUMBER_SUFFIX": null, "STREET_NAME": "11TH", "STREET_TYPE": "STREET", "QUADRANT": "NW", "ZIPCODE": 20010, "CITY": "WASHINGTON", "STATE": "DC", "COUNTRY": "UNITED STATES", "X_COORDINATE": 397502.07, "Y_COORDINATE": 140733.2, "LATITUDE": 38.93447976, "LONGITUDE": -77.02881054, "ADDRESS_TYPE": "ADDRESS", "STATUS": "ACTIVE", "ROUTEID": "11001102", "BLOCKKEY": "69807336351a4719a5dfa1627d424450", "SUBBLOCKKEY": "a2bd56bade31f98774841259eb57a9b2", "WARD": "Ward 1", "METADATA_ID": 50323559, "NATIONAL_GRID": "18S UJ 24152 11463", "HAS_SSL": "Y", "HAS_PLACE_NAME": "N", "HAS_CONDO": "N", "HAS_RESIDENTIAL_UNIT": "N", "STREET_VIEW_URL": "http://maps.google.com/maps?z=16&layer=c&cbll=38.93447976,-77.02881054&cbp=11,149.635134785317,,0,2.09", "RESIDENTIAL_TYPE": "RESIDENTIAL", "PLACEMENT": "CENTER OF BUILDING", "SSL_ALIGNMENT": "ALIGNS WELL", "BUILDING": "Y", "SSL": "2833    0071", "SQUARE": "2833", "SUFFIX": null, "LOT": "0071", "MULTIPLE_LAND_SSL": null, "GRID_DIRECTION": "NORTH", "HOUSING_UNIT_COUNT": 1, "RESIDENTIAL_UNIT_COUNT": 0, "BEFORE_DATE": null, "BEFORE_DATE_SOURCE": null, "BEGIN_DATE": "1906-10-19T00:00:01Z", "BEGIN_DATE_SOURCE": "BUILDING PERMIT", "FIRST_KNOWN_DATE": null, "FIRST_KNOWN_DATE_SOURCE": null, "CREATED_DATE": "2005-05-12T00:00:00Z", "LAST_EDITED_DATE": null, "SE_ANNO_CAD_DATA": null, "SMD": "SMD 1A07", "ANC": "ANC 1A" }, "geometry": { "type": "Point", "coordinates": [ -77.02881054, 38.93447976 ] } },
{ "type": "Feature", "properties": { "X": -8576167.5324000008, "Y": 4710220.5071, "OBJECTID": 190545412, "MAR_ID": 235582, "ADDRESS": "2292 CHAMPLAIN STREET NW", "ADDRESS_NUMBER": 2292, "ADDRESS_NUMBER_SUFFIX": null, "STREET_NAME": "CHAMPLAIN", "STREET_TYPE": "STREET", "QUADRANT": "NW", "ZIPCODE": 20009, "CITY": "WASHINGTON", "STATE": "DC", "COUNTRY": "UNITED STATES", "X_COORDINATE": 396442.64, "Y_COORDINATE": 139126.78, "LATITUDE": 38.92000497, "LONGITUDE": -77.04102144, "ADDRESS_TYPE": "ADDRESS", "STATUS": "ACTIVE", "ROUTEID": "11021842", "BLOCKKEY": "c98aca368d4a285ec10f3568be81aa3b", "SUBBLOCKKEY": "c98aca368d4a285ec10f3568be81aa3b", "WARD": "Ward 1", "METADATA_ID": 50324005, "NATIONAL_GRID": "18S UJ 23058 09880", "HAS_SSL": "Y", "HAS_PLACE_NAME": "N", "HAS_CONDO": "N", "HAS_RESIDENTIAL_UNIT": "N", "STREET_VIEW_URL": "http://maps.google.com/maps?z=16&layer=c&cbll=38.92000497,-77.04102144&cbp=11,261.571508912786,,0,2.09", "RESIDENTIAL_TYPE": "RESIDENTIAL", "PLACEMENT": "CENTER OF BUILDING", "SSL_ALIGNMENT": "ALIGNS WELL", "BUILDING": "Y", "SSL": "2560    0044", "SQUARE": "2560", "SUFFIX": null, "LOT": "0044", "MULTIPLE_LAND_SSL": null, "GRID_DIRECTION": "NORTH", "HOUSING_UNIT_COUNT": 1, "RESIDENTIAL_UNIT_COUNT": 0, "BEFORE_DATE": null, "BEFORE_DATE_SOURCE": null, "BEGIN_DATE": "1901-10-01T00:00:01Z", "BEGIN_DATE_SOURCE": "BUILDING PERMIT", "FIRST_KNOWN_DATE": null, "FIRST_KNOWN_DATE_SOURCE": null, "CREATED_DATE": "2005-05-12T00:00:00Z", "LAST_EDITED_DATE": null, "SE_ANNO_CAD_DATA": null, "SMD": "SMD 1C07", "ANC": "ANC 1C" }, "geometry": { "type": "Point", "coordinates": [ -77.04102144, 38.92000497 ] } },
{ "type": "Feature", "properties": { "X": -8572194.3122000005, "Y": 4713827.5294000003, "OBJECTID": 190548163, "MAR_ID": 288748, "ADDRESS": "60 HAWAII AVENUE NE", "ADDRESS_NUMBER": 60, "ADDRESS_NUMBER_SUFFIX": null, "STREET_NAME": "HAWAII", "STREET_TYPE": "AVENUE", "QUADRANT": "NE", "ZIPCODE": 20011, "CITY": "WASHINGTON", "STATE": "DC", "COUNTRY": "UNITED STATES", "X_COORDINATE": 399538.0, "Y_COORDINATE": 141924.01, "LATITUDE": 38.94521002, "LONGITUDE": -77.0053294, "ADDRESS_TYPE": "ADDRESS", "STATUS": "ACTIVE", "ROUTEID": "12043812", "BLOCKKEY": "c859b31f0e23cac92ce023fdc82b08c2", "SUBBLOCKKEY": "b57f8dd720c45533cc4f4211b0f87be3", "WARD": "Ward 5", "METADATA_ID": 50326763, "NATIONAL_GRID": "18S UJ 26215 12607", "HAS_SSL": "Y", "HAS_PLACE_NAME": "Y", "HAS_CONDO": "N", "HAS_RESIDENTIAL_UNIT": "Y", "STREET_VIEW_URL": "http://maps.google.com/maps?z=16&layer=c&cbll=38.94519269,-77.00531729&cbp=11,12.4106500737764,,0,2.09", "RESIDENTIAL_TYPE": "RESIDENTIAL", "PLACEMENT": "CENTER OF BUILDING", "SSL_ALIGNMENT": "ALIGNS WELL", "BUILDING": "Y", "SSL": "3675    0804", "SQUARE": "3675", "SUFFIX": null, "LOT": "0804", "MULTIPLE_LAND_SSL": null, "GRID_DIRECTION": "EAST", "HOUSING_UNIT_COUNT": 22, "RESIDENTIAL_UNIT_COUNT": 22, "BEFORE_DATE": null, "BEFORE_DATE_SOURCE": null, "BEGIN_DATE": "1967-01-01T00:00:01Z", "BEGIN_DATE_SOURCE": "OP HISTORIC BUILDING DATA", "FIRST_KNOWN_DATE": null, "FIRST_KNOWN_DATE_SOURCE": null, "CREATED_DATE": "2019-07-15T11:13:05Z", "LAST_EDITED_DATE": null, "SE_ANNO_CAD_DATA": null, "SMD": "SMD 5A06", "ANC": "ANC 5A" }, "geometry": { "type": "Point", "coordinates": [ -77.0053294, 38.94521002 ] } },
{ "type": "Feature", "properties": { "X": -8570519.7894000001, "Y": 4714272.4188000001, "OBJECTID": 190548356, "MAR_ID": 16763, "ADDRESS": "4839 12TH STREET NE", "ADDRESS_NUMBER": 4839, "ADDRESS_NUMBER_SUFFIX": null, "STREET_NAME": "12TH", "STREET_TYPE": "STREET", "QUADRANT": "NE", "ZIPCODE": 20017, "CITY": "WASHINGTON", "STATE": "DC", "COUNTRY": "UNITED STATES", "X_COORDINATE": 400841.98, "Y_COORDINATE": 142269.08, "LATITUDE": 38.94831856, "LONGITUDE": -76.99028691, "ADDRESS_TYPE": "ADDRESS", "STATUS": "ACTIVE", "ROUTEID": "12001202", "BLOCKKEY": "f91eaf0661bc82a0c03db8587467f98a", "SUBBLOCKKEY": "51c1ebaf08857092999aa4545067f606", "WARD": "Ward 5", "METADATA_ID": 50326956, "NATIONAL_GRID": "18S UJ 27525 12925", "HAS_SSL": "Y", "HAS_PLACE_NAME": "N", "HAS_CONDO": "N", "HAS_RESIDENTIAL_UNIT": "N", "STREET_VIEW_URL": "http://maps.google.com/maps?z=16&layer=c&cbll=38.94831856,-76.99028691&cbp=11,99.2156680908273,,0,2.09", "RESIDENTIAL_TYPE": "RESIDENTIAL", "PLACEMENT": "CENTER OF BUILDING", "SSL_ALIGNMENT": "ALIGNS WELL", "BUILDING": "Y", "SSL": "3912    0038", "SQUARE": "3912", "SUFFIX": null, "LOT": "0038", "MULTIPLE_LAND_SSL": null, "GRID_DIRECTION": "NORTH", "HOUSING_UNIT_COUNT": 1, "RESIDENTIAL_UNIT_COUNT": 0, "BEFORE_DATE": null, "BEFORE_DATE_SOURCE": null, "BEGIN_DATE": "1952-05-01T00:00:01Z", "BEGIN_DATE_SOURCE": "BUILDING PERMIT", "FIRST_KNOWN_DATE": null, "FIRST_KNOWN_DATE_SOURCE": null, "CREATED_DATE": "2021-09-30T08:50:28Z", "LAST_EDITED_DATE": null, "SE_ANNO_CAD_DATA": null, "SMD": "SMD 5A02", "ANC": "ANC 5A" }, "geometry": { "type": "Point", "coordinates": [ -76.99028691, 38.94831856 ] } },
{ "type": "Feature", "properties": { "X": -8570116.0330999997, "Y": 4705336.1766999997, "OBJECTID": 190551773, "MAR_ID": 46142, "ADDRESS": "260 KENTUCKY AVENUE SE", "ADDRESS_NUMBER": 260, "ADDRESS_NUMBER_SUFFIX": null, "STREET_NAME": "KENTUCKY", "STREET_TYPE": "AVENUE", "QUADRANT": "SE", "ZIPCODE": 20003, "CITY": "WASHINGTON", "STATE": "DC", "COUNTRY": "UNITED STATES", "X_COORDINATE": 401157.4, "Y_COORDINATE": 135335.66, "LATITUDE": 38.88585966, "LONGITUDE": -76.98665991, "ADDRESS_TYPE": "ADDRESS", "STATUS": "ACTIVE", "ROUTEID": "13052262", "BLOCKKEY": "0cd6d7d3dd2d3b5de0b659da53f32a41", "SUBBLOCKKEY": "d82bb60a0c50bfc25bc1a0528afe0f55", "WARD": "Ward 6", "METADATA_ID": 50330377, "NATIONAL_GRID": "18S UJ 27688 05986", "HAS_SSL": "Y", "HAS_PLACE_NAME": "N", "HAS_CONDO": "N", "HAS_RESIDENTIAL_UNIT": "N", "STREET_VIEW_URL": "http://maps.google.com/maps?z=16&layer=c&cbll=38.88585966,-76.98665991&cbp=11,66.6551182617248,,0,2.09", "RESIDENTIAL_TYPE": "RESIDENTIAL", "PLACEMENT": "CENTER OF BUILDING", "SSL_ALIGNMENT": "ALIGNS WELL", "BUILDING": "Y", "SSL": "1039    0050", "SQUARE": "1039", "SUFFIX": null, "LOT": "0050", "MULTIPLE_LAND_SSL": null, "GRID_DIRECTION": "SOUTH", "HOUSING_UNIT_COUNT": 1, "RESIDENTIAL_UNIT_COUNT": 0, "BEFORE_DATE": null, "BEFORE_DATE_SOURCE": null, "BEGIN_DATE": "1911-02-06T00:00:01Z", "BEGIN_DATE_SOURCE": "BUILDING PERMIT", "FIRST_KNOWN_DATE": null, "FIRST_KNOWN_DATE_SOURCE": null, "CREATED_DATE": "2005-05-12T00:00:00Z", "LAST_EDITED_DATE": null, "SE_ANNO_CAD_DATA": null, "SMD": "SMD 6B07", "ANC": "ANC 6B" }, "geometry": { "type": "Point", "coordinates": [ -76.98665991, 38.88585966 ] } },
{ "type": "Feature", "properties": { "X": -8569855.855, "Y": 4701807.358, "OBJECTID": 190551896, "MAR_ID": 59635, "ADDRESS": "1619 BUTLER STREET SE", "ADDRESS_NUMBER": 1619, "ADDRESS_NUMBER_SUFFIX": null, "STREET_NAME": "BUTLER", "STREET_TYPE": "STREET", "QUADRANT": "SE", "ZIPCODE": 20020, "CITY": "WASHINGTON", "STATE": "DC", "COUNTRY": "UNITED STATES", "X_COORDINATE": 401360.65, "Y_COORDINATE": 132596.09, "LATITUDE": 38.86118023, "LONGITUDE": -76.9843227, "ADDRESS_TYPE": "ADDRESS", "STATUS": "ACTIVE", "ROUTEID": "13019502", "BLOCKKEY": "3b88f903801773c30b2b1f4ef22f8634", "SUBBLOCKKEY": "6e636a424b0d8e7a746b7f909f8a7c61", "WARD": "Ward 8", "METADATA_ID": 50330500, "NATIONAL_GRID": "18S UJ 27831 03243", "HAS_SSL": "Y", "HAS_PLACE_NAME": "N", "HAS_CONDO": "N", "HAS_RESIDENTIAL_UNIT": "Y", "STREET_VIEW_URL": "http://maps.google.com/maps?z=16&layer=c&cbll=38.86118023,-76.9843227&cbp=11,224.694702075341,,0,2.09", "RESIDENTIAL_TYPE": "RESIDENTIAL", "PLACEMENT": "CENTER OF BUILDING", "SSL_ALIGNMENT": "ALIGNS WELL", "BUILDING": "Y", "SSL": "5814    0044", "SQUARE": "5814", "SUFFIX": null, "LOT": "0044", "MULTIPLE_LAND_SSL": null, "GRID_DIRECTION": "EAST", "HOUSING_UNIT_COUNT": 4, "RESIDENTIAL_UNIT_COUNT": 4, "BEFORE_DATE": null, "BEFORE_DATE_SOURCE": null, "BEGIN_DATE": "1956-01-01T00:00:01Z", "BEGIN_DATE_SOURCE": "OP HISTORIC BUILDING DATA", "FIRST_KNOWN_DATE": null, "FIRST_KNOWN_DATE_SOURCE": null, "CREATED_DATE": "2005-05-12T00:00:00Z", "LAST_EDITED_DATE": null, "SE_ANNO_CAD_DATA": null, "SMD": "SMD 8A05", "ANC": "ANC 8A" }, "geometry": { "type": "Point", "coordinates": [ -76.9843227, 38.86118023 ] } },
{ "type": "Feature", "properties": { "X": -8564228.3994999994, "Y": 4706345.3765000002, "OBJECTID": 190551941, "MAR_ID": 16663, "ADDRESS": "4854 BROOKS STREET NE", "ADDRESS_NUMBER": 4854, "ADDRESS_NUMBER_SUFFIX": null, "STREET_NAME": "BROOKS", "STREET_TYPE": "STREET", "QUADRANT": "NE", "ZIPCODE": 20019, "CITY": "WASHINGTON", "STATE": "DC", "COUNTRY": "UNITED STATES", "X_COORDINATE": 405745.58, "Y_COORDINATE": 136120.98, "LATITUDE": 38.89291611, "LONGITUDE": -76.93377042, "ADDRESS_TYPE": "ADDRESS", "STATUS": "ACTIVE", "ROUTEID": "12018132", "BLOCKKEY": "a12cf4b5997aae0de6eeecd8c3c5d473", "SUBBLOCKKEY": "a887b2cb6c90e09f8132fd96ecf57b61", "WARD": "Ward 7", "METADATA_ID": 50330545, "NATIONAL_GRID": "18S UJ 32293 06671", "HAS_SSL": "Y", "HAS_PLACE_NAME": "N", "HAS_CONDO": "N", "HAS_RESIDENTIAL_UNIT": "N", "STREET_VIEW_URL": "http://maps.google.com/maps?z=16&layer=c&cbll=38.89291611,-76.93377042&cbp=11,10.4582928596036,,0,2.09", "RESIDENTIAL_TYPE": "RESIDENTIAL", "PLACEMENT": "CENTER OF BUILDING", "SSL_ALIGNMENT": "ALIGNS WELL", "BUILDING": "Y", "SSL": "5141    0012", "SQUARE": "5141", "SUFFIX": null, "LOT": "0012", "MULTIPLE_LAND_SSL": null, "GRID_DIRECTION": "EAST", "HOUSING_UNIT_COUNT": 1, "RESIDENTIAL_UNIT_COUNT": 0, "BEFORE_DATE": null, "BEFORE_DATE_SOURCE": null, "BEGIN_DATE": "1919-06-17T00:00:01Z", "BEGIN_DATE_SOURCE": "BUILDING PERMIT", "FIRST_KNOWN_DATE": null, "FIRST_KNOWN_DATE_SOURCE": null, "CREATED_DATE": "2005-05-12T00:00:00Z", "LAST_EDITED_DATE": "2006-01-18T16:42:16Z", "SE_ANNO_CAD_DATA": null, "SMD": "SMD 7F04", "ANC": "ANC 7F" }, "geometry": { "type": "Point", "coordinates": [ -76.93377042, 38.89291611 ] } },
{ "type": "Feature", "properties": { "X": -8569120.7665999997, "Y": 4707492.3548, "OBJECTID": 190552278, "MAR_ID": 81054, "ADDRESS": "830 18TH STREET NE", "ADDRESS_NUMBER": 830, "ADDRESS_NUMBER_SUFFIX": null, "STREET_NAME": "18TH", "STREET_TYPE": "STREET", "QUADRANT": "NE", "ZIPCODE": 20002, "CITY": "WASHINGTON", "STATE": "DC", "COUNTRY": "UNITED STATES", "X_COORDINATE": 401932.69, "Y_COORDINATE": 137009.3, "LATITUDE": 38.90093507, "LONGITUDE": -76.97771928, "ADDRESS_TYPE": "ADDRESS", "STATUS": "ACTIVE", "ROUTEID": "12001802", "BLOCKKEY": "1e16da3ce13bfa74bde58ca9ea5ea68b", "SUBBLOCKKEY": "f7d3bf02884d80da28b13297a9d22244", "WARD": "Ward 5", "METADATA_ID": 50330882, "NATIONAL_GRID": "18S UJ 28500 07642", "HAS_SSL": "Y", "HAS_PLACE_NAME": "N", "HAS_CONDO": "N", "HAS_RESIDENTIAL_UNIT": "Y", "STREET_VIEW_URL": "http://maps.google.com/maps?z=16&layer=c&cbll=38.90093507,-76.97771928&cbp=11,249.391174278412,,0,2.09", "RESIDENTIAL_TYPE": "RESIDENTIAL", "PLACEMENT": "CENTER OF BUILDING", "SSL_ALIGNMENT": "ALIGNS WELL", "BUILDING": "Y", "SSL": "4494    0069", "SQUARE": "4494", "SUFFIX": null, "LOT": "0069", "MULTIPLE_LAND_SSL": null, "GRID_DIRECTION": "NORTH", "HOUSING_UNIT_COUNT": 2, "RESIDENTIAL_UNIT_COUNT": 2, "BEFORE_DATE": null, "BEFORE_DATE_SOURCE": null, "BEGIN_DATE": "1941-05-14T00:00:01Z", "BEGIN_DATE_SOURCE": "BUILDING PERMIT", "FIRST_KNOWN_DATE": null, "FIRST_KNOWN_DATE_SOURCE": null, "CREATED_DATE": "2005-05-12T00:00:00Z", "LAST_EDITED_DATE": null, "SE_ANNO_CAD_DATA": null, "SMD": "SMD 5D07", "ANC": "ANC 5D" }, "geometry": { "type": "Point", "coordinates": [ -76.97771928, 38.90093507 ] } },
{ "type": "Feature", "properties": { "X": -8568635.0186000001, "Y": 4701647.9605, "OBJECTID": 190553819, "MAR_ID": 48876, "ADDRESS": "2308 SKYLAND TERRACE SE", "ADDRESS_NUMBER": 2308, "ADDRESS_NUMBER_SUFFIX": null, "STREET_NAME": "SKYLAND", "STREET_TYPE": "TERRACE", "QUADRANT": "SE", "ZIPCODE": 20020, "CITY": "WASHINGTON", "STATE": "DC", "COUNTRY": "UNITED STATES", "X_COORDINATE": 402312.52, "Y_COORDINATE": 132472.54, "LATITUDE": 38.86006525, "LONGITUDE": -76.97335574, "ADDRESS_TYPE": "ADDRESS", "STATUS": "ACTIVE", "ROUTEID": "13080622", "BLOCKKEY": "02a80cfbc5da52c5ec7c48022cf6b572", "SUBBLOCKKEY": "02a80cfbc5da52c5ec7c48022cf6b572", "WARD": "Ward 8", "METADATA_ID": 50332424, "NATIONAL_GRID": "18S UJ 28780 03098", "HAS_SSL": "Y", "HAS_PLACE_NAME": "N", "HAS_CONDO": "N", "HAS_RESIDENTIAL_UNIT": "N", "STREET_VIEW_URL": "http://maps.google.com/maps?z=16&layer=c&cbll=38.86006525,-76.97335574&cbp=11,207.067203266697,,0,2.09", "RESIDENTIAL_TYPE": "RESIDENTIAL", "PLACEMENT": "CENTER OF BUILDING", "SSL_ALIGNMENT": "ALIGNS POORLY", "BUILDING": "Y", "SSL": "5740    0331", "SQUARE": "5740", "SUFFIX": null, "LOT": "0331", "MULTIPLE_LAND_SSL": null, "GRID_DIRECTION": "EAST", "HOUSING_UNIT_COUNT": 1, "RESIDENTIAL_UNIT_COUNT": 0, "BEFORE_DATE": null, "BEFORE_DATE_SOURCE": null, "BEGIN_DATE": "1995-01-01T00:00:00Z", "BEGIN_DATE_SOURCE": "OP HISTORIC BUILDING DATA", "FIRST_KNOWN_DATE": null, "FIRST_KNOWN_DATE_SOURCE": null, "CREATED_DATE": "2005-05-12T00:00:00Z", "LAST_EDITED_DATE": null, "SE_ANNO_CAD_DATA": null, "SMD": "SMD 8B01", "ANC": "ANC 8B" }, "geometry": { "type": "Point", "coordinates": [ -76.97335574, 38.86006525 ] } },
{ "type": "Feature", "properties": { "X": -8578065.4286000002, "Y": 4710927.0828999998, "OBJECTID": 190554866, "MAR_ID": 220229, "ADDRESS": "2825 29TH PLACE NW", "ADDRESS_NUMBER": 2825, "ADDRESS_NUMBER_SUFFIX": null, "STREET_NAME": "29TH", "STREET_TYPE": "PLACE", "QUADRANT": "NW", "ZIPCODE": 20008, "CITY": "WASHINGTON", "STATE": "DC", "COUNTRY": "UNITED STATES", "X_COORDINATE": 394964.5, "Y_COORDINATE": 139675.76, "LATITUDE": 38.92494313, "LONGITUDE": -77.05807052, "ADDRESS_TYPE": "ADDRESS", "STATUS": "ACTIVE", "ROUTEID": "11002932", "BLOCKKEY": "60e76168bdda8c49a9b27b233f5d4860", "SUBBLOCKKEY": "60e76168bdda8c49a9b27b233f5d4860", "WARD": "Ward 3", "METADATA_ID": 50333473, "NATIONAL_GRID": "18S UJ 21592 10461", "HAS_SSL": "Y", "HAS_PLACE_NAME": "N", "HAS_CONDO": "N", "HAS_RESIDENTIAL_UNIT": "N", "STREET_VIEW_URL": "http://maps.google.com/maps?z=16&layer=c&cbll=38.92494313,-77.05807052&cbp=11,102.903362593511,,0,2.09", "RESIDENTIAL_TYPE": "RESIDENTIAL", "PLACEMENT": "CENTER OF BUILDING", "SSL_ALIGNMENT": "ALIGNS WELL", "BUILDING": "Y", "SSL": "2113    0043", "SQUARE": "2113", "SUFFIX": null, "LOT": "0043", "MULTIPLE_LAND_SSL": null, "GRID_DIRECTION": "NORTH", "HOUSING_UNIT_COUNT": 1, "RESIDENTIAL_UNIT_COUNT": 0, "BEFORE_DATE": null, "BEFORE_DATE_SOURCE": null, "BEGIN_DATE": "1954-07-30T00:00:01Z", "BEGIN_DATE_SOURCE": "BUILDING PERMIT", "FIRST_KNOWN_DATE": null, "FIRST_KNOWN_DATE_SOURCE": null, "CREATED_DATE": "2005-05-12T00:00:00Z", "LAST_EDITED_DATE": null, "SE_ANNO_CAD_DATA": null, "SMD": "SMD 3C07", "ANC": "ANC 3C" }, "geometry": { "type": "Point", "coordinates": [ -77.05807052, 38.92494313 ] } },
{ "type": "Feature", "properties": { "X": -8578335.2938000001, "Y": 4717939.8633000003, "OBJECTID": 190558829, "MAR_ID": 260646, "ADDRESS": "6332 31ST PLACE NW", "ADDRESS_NUMBER": 6332, "ADDRESS_NUMBER_SUFFIX": null, "STREET_NAME": "31ST", "STREET_TYPE": "PLACE", "QUADRANT": "NW", "ZIPCODE": 20015, "CITY": "WASHINGTON", "STATE": "DC", "COUNTRY": "UNITED STATES", "X_COORDINATE": 394757.89, "Y_COORDINATE": 145114.53, "LATITUDE": 38.97393585, "LONGITUDE": -77.06049476, "ADDRESS_TYPE": "ADDRESS", "STATUS": "ACTIVE", "ROUTEID": "11003132", "BLOCKKEY": "a06d98b83e61fb96e8292a983761b32f", "SUBBLOCKKEY": "6ca7db6dce19cda07c45d27a86597f87", "WARD": "Ward 4", "METADATA_ID": 50337440, "NATIONAL_GRID": "18S UJ 21505 15903", "HAS_SSL": "Y", "HAS_PLACE_NAME": "N", "HAS_CONDO": "N", "HAS_RESIDENTIAL_UNIT": "N", "STREET_VIEW_URL": "http://maps.google.com/maps?z=16&layer=c&cbll=38.97393585,-77.06049476&cbp=11,322.901203975124,,0,2.09", "RESIDENTIAL_TYPE": "RESIDENTIAL", "PLACEMENT": "CENTER OF BUILDING", "SSL_ALIGNMENT": "ALIGNS WELL", "BUILDING": "Y", "SSL": "2349    0217", "SQUARE": "2349", "SUFFIX": null, "LOT": "0217", "MULTIPLE_LAND_SSL": null, "GRID_DIRECTION": "NORTH", "HOUSING_UNIT_COUNT": 1, "RESIDENTIAL_UNIT_COUNT": 0, "BEFORE_DATE": null, "BEFORE_DATE_SOURCE": null, "BEGIN_DATE": "1941-04-29T00:00:01Z", "BEGIN_DATE_SOURCE": "BUILDING PERMIT", "FIRST_KNOWN_DATE": null, "FIRST_KNOWN_DATE_SOURCE": null, "CREATED_DATE": "2005-05-12T00:00:00Z", "LAST_EDITED_DATE": null, "SE_ANNO_CAD_DATA": null, "SMD": "SMD 3/4G01", "ANC": "ANC 3/4G" }, "geometry": { "type": "Point", "coordinates": [ -77.06049476, 38.97393585 ] } },
{ "type": "Feature", "properties": { "X": -8573152.2164999992, "Y": 4709418.5621999996, "OBJECTID": 190558898, "MAR_ID": 227152, "ADDRESS": "1807 2ND STREET NW", "ADDRESS_NUMBER": 1807, "ADDRESS_NUMBER_SUFFIX": null, "STREET_NAME": "2ND", "STREET_TYPE": "STREET", "QUADRANT": "NW", "ZIPCODE": 20001, "CITY": "WASHINGTON", "STATE": "DC", "COUNTRY": "UNITED STATES", "X_COORDINATE": 398791.52, "Y_COORDINATE": 138503.86, "LATITUDE": 38.91439987, "LONGITUDE": -77.0139344, "ADDRESS_TYPE": "ADDRESS", "STATUS": "ACTIVE", "ROUTEID": "11000202", "BLOCKKEY": "4a16ff778ad858c858cd08afec233f6c", "SUBBLOCKKEY": "94c432f2b1ce9da0ae81336246206f7d", "WARD": "Ward 5", "METADATA_ID": 50337509, "NATIONAL_GRID": "18S UJ 25392 09206", "HAS_SSL": "Y", "HAS_PLACE_NAME": "N", "HAS_CONDO": "N", "HAS_RESIDENTIAL_UNIT": "N", "STREET_VIEW_URL": "http://maps.google.com/maps?z=16&layer=c&cbll=38.91439987,-77.0139344&cbp=11,68.2911355679776,,0,2.09", "RESIDENTIAL_TYPE": "RESIDENTIAL", "PLACEMENT": "CENTER OF BUILDING", "SSL_ALIGNMENT": "ALIGNS WELL", "BUILDING": "Y", "SSL": "3107    0017", "SQUARE": "3107", "SUFFIX": null, "LOT": "0017", "MULTIPLE_LAND_SSL": null, "GRID_DIRECTION": "NORTH", "HOUSING_UNIT_COUNT": 1, "RESIDENTIAL_UNIT_COUNT": 0, "BEFORE_DATE": null, "BEFORE_DATE_SOURCE": null, "BEGIN_DATE": "1906-10-11T00:00:01Z", "BEGIN_DATE_SOURCE": "BUILDING PERMIT", "FIRST_KNOWN_DATE": null, "FIRST_KNOWN_DATE_SOURCE": null, "CREATED_DATE": "2005-05-12T00:00:00Z", "LAST_EDITED_DATE": "2008-01-17T10:05:45Z", "SE_ANNO_CAD_DATA": null, "SMD": "SMD 5E03", "ANC": "ANC 5E" }, "geometry": { "type": "Point", "coordinates": [ -77.0139344, 38.91439987 ] } },
{ "type": "Feature", "properties": { "X": -8571801.5744000003, "Y": 4707289.3998999996, "OBJECTID": 190563181, "MAR_ID": 77851, "ADDRESS": "723 3RD STREET NE", "ADDRESS_NUMBER": 723, "ADDRESS_NUMBER_SUFFIX": null, "STREET_NAME": "3RD", "STREET_TYPE": "STREET", "QUADRANT": "NE", "ZIPCODE": 20002, "CITY": "WASHINGTON", "STATE": "DC", "COUNTRY": "UNITED STATES", "X_COORDINATE": 399843.74, "Y_COORDINATE": 136851.56, "LATITUDE": 38.8995162, "LONGITUDE": -77.00180138, "ADDRESS_TYPE": "ADDRESS", "STATUS": "ACTIVE", "ROUTEID": "12000302", "BLOCKKEY": "e0a3ed338691ac7cd78f247c4f5fa305", "SUBBLOCKKEY": "22035b2ad5e30721d438b586732a1039", "WARD": "Ward 6", "METADATA_ID": 50341797, "NATIONAL_GRID": "18S UJ 26408 07531", "HAS_SSL": "Y", "HAS_PLACE_NAME": "N", "HAS_CONDO": "N", "HAS_RESIDENTIAL_UNIT": "N", "STREET_VIEW_URL": "http://maps.google.com/maps?z=16&layer=c&cbll=38.8995162,-77.00180138&cbp=11,101.552277916071,,0,2.09", "RESIDENTIAL_TYPE": "RESIDENTIAL", "PLACEMENT": "CENTER OF BUILDING", "SSL_ALIGNMENT": "ALIGNS WELL", "BUILDING": "Y", "SSL": "0777    0047", "SQUARE": "0777", "SUFFIX": null, "LOT": "0047", "MULTIPLE_LAND_SSL": null, "GRID_DIRECTION": "NORTH", "HOUSING_UNIT_COUNT": 1, "RESIDENTIAL_UNIT_COUNT": 0, "BEFORE_DATE": null, "BEFORE_DATE_SOURCE": null, "BEGIN_DATE": "1891-08-13T00:00:01Z", "BEGIN_DATE_SOURCE": "BUILDING PERMIT", "FIRST_KNOWN_DATE": null, "FIRST_KNOWN_DATE_SOURCE": null, "CREATED_DATE": "2005-05-12T00:00:00Z", "LAST_EDITED_DATE": "2006-01-18T16:42:19Z", "SE_ANNO_CAD_DATA": null, "SMD": "SMD 6C04", "ANC": "ANC 6C" }, "geometry": { "type": "Point", "coordinates": [ -77.00180138, 38.8995162 ] } },
{ "type": "Feature", "properties": { "X": -8565175.4133000001, "Y": 4705107.1087999996, "OBJECTID": 190563559, "MAR_ID": 24782, "ADDRESS": "423 CHAPLIN STREET SE", "ADDRESS_NUMBER": 423, "ADDRESS_NUMBER_SUFFIX": null, "STREET_NAME": "CHAPLIN", "STREET_TYPE": "STREET", "QUADRANT": "SE", "ZIPCODE": 20019, "CITY": "WASHINGTON", "STATE": "DC", "COUNTRY": "UNITED STATES", "X_COORDINATE": 405008.17, "Y_COORDINATE": 135159.35, "LATITUDE": 38.88425756, "LONGITUDE": -76.94227759, "ADDRESS_TYPE": "ADDRESS", "STATUS": "ACTIVE", "ROUTEID": "13022102", "BLOCKKEY": "eb4c9cbcb339e86217fc47700ac6c3e3", "SUBBLOCKKEY": "0ccef0a8329e49057725d54c9d1d8df4", "WARD": "Ward 7", "METADATA_ID": 50342175, "NATIONAL_GRID": "18S UJ 31533 05725", "HAS_SSL": "Y", "HAS_PLACE_NAME": "N", "HAS_CONDO": "N", "HAS_RESIDENTIAL_UNIT": "N", "STREET_VIEW_URL": "http://maps.google.com/maps?z=16&layer=c&cbll=38.88425664,-76.94229545&cbp=11,256.121894799021,,0,2.09", "RESIDENTIAL_TYPE": "RESIDENTIAL", "PLACEMENT": "CENTER OF BUILDING", "SSL_ALIGNMENT": "ALIGNS WELL", "BUILDING": "Y", "SSL": "5398E   0039", "SQUARE": "5398", "SUFFIX": "E", "LOT": "0039", "MULTIPLE_LAND_SSL": null, "GRID_DIRECTION": "SOUTH", "HOUSING_UNIT_COUNT": 1, "RESIDENTIAL_UNIT_COUNT": 0, "BEFORE_DATE": null, "BEFORE_DATE_SOURCE": null, "BEGIN_DATE": "1948-08-24T00:00:01Z", "BEGIN_DATE_SOURCE": "BUILDING PERMIT", "FIRST_KNOWN_DATE": null, "FIRST_KNOWN_DATE_SOURCE": null, "CREATED_DATE": "2025-03-03T08:39:38Z", "LAST_EDITED_DATE": null, "SE_ANNO_CAD_DATA": null, "SMD": "SMD 7F05", "ANC": "ANC 7F" }, "geometry": { "type": "Point", "coordinates": [ -76.94227759, 38.88425756 ] } },
{ "type": "Feature", "properties": { "X": -8570711.3568999991, "Y": 4699331.6577000003, "OBJECTID": 190566079, "MAR_ID": 76403, "ADDRESS": "1007 ALABAMA AVENUE SE", "ADDRESS_NUMBER": 1007, "ADDRESS_NUMBER_SUFFIX": null, "STREET_NAME": "ALABAMA", "STREET_TYPE": "AVENUE", "QUADRANT": "SE", "ZIPCODE": 20032, "CITY": "WASHINGTON", "STATE": "DC", "COUNTRY": "UNITED STATES", "X_COORDINATE": 400693.82, "Y_COORDINATE": 130673.43, "LATITUDE": 38.84386086, "LONGITUDE": -76.9920078, "ADDRESS_TYPE": "ADDRESS", "STATUS": "ACTIVE", "ROUTEID": "13009362", "BLOCKKEY": "ef8ed7db9d9af397e51c509744a36cbe", "SUBBLOCKKEY": "563e07e494b73896e1c8a8e600f6d10a", "WARD": "Ward 8", "METADATA_ID": 50344698, "NATIONAL_GRID": "18S UJ 27123 01335", "HAS_SSL": "Y", "HAS_PLACE_NAME": "N", "HAS_CONDO": "N", "HAS_RESIDENTIAL_UNIT": "Y", "STREET_VIEW_URL": "http://maps.google.com/maps?z=16&layer=c&cbll=38.84386086,-76.9920078&cbp=11,173.798720556357,,0,2.09", "RESIDENTIAL_TYPE": "RESIDENTIAL", "PLACEMENT": "CENTER OF BUILDING", "SSL_ALIGNMENT": "ALIGNS POORLY", "BUILDING": "Y", "SSL": "5944    0032", "SQUARE": "5944", "SUFFIX": null, "LOT": "0032", "MULTIPLE_LAND_SSL": null, "GRID_DIRECTION": "EAST", "HOUSING_UNIT_COUNT": 4, "RESIDENTIAL_UNIT_COUNT": 4, "BEFORE_DATE": null, "BEFORE_DATE_SOURCE": null, "BEGIN_DATE": "1948-04-30T00:00:01Z", "BEGIN_DATE_SOURCE": "BUILDING PERMIT", "FIRST_KNOWN_DATE": null, "FIRST_KNOWN_DATE_SOURCE": null, "CREATED_DATE": "2005-05-12T00:00:00Z", "LAST_EDITED_DATE": null, "SE_ANNO_CAD_DATA": null, "SMD": "SMD 8C06", "ANC": "ANC 8C" }, "geometry": { "type": "Point", "coordinates": [ -76.9920078, 38.84386086 ] } },
{ "type": "Feature", "properties": { "X": -8569330.564, "Y": 4705710.4172, "OBJECTID": 190566630, "MAR_ID": 56615, "ADDRESS": "1741 A STREET SE", "ADDRESS_NUMBER": 1741, "ADDRESS_NUMBER_SUFFIX": null, "STREET_NAME": "A", "STREET_TYPE": "STREET", "QUADRANT": "SE", "ZIPCODE": 20003, "CITY": "WASHINGTON", "STATE": "DC", "COUNTRY": "UNITED STATES", "X_COORDINATE": 401769.52, "Y_COORDINATE": 135626.26, "LATITUDE": 38.88847648, "LONGITUDE": -76.97960393, "ADDRESS_TYPE": "ADDRESS", "STATUS": "ACTIVE", "ROUTEID": "13008582", "BLOCKKEY": "3f2877ba7c020b64982a031cf6e1d732", "SUBBLOCKKEY": "3f3f6492dda89a7461001a40f21b7321", "WARD": "Ward 7", "METADATA_ID": 50345250, "NATIONAL_GRID": "18S UJ 28307 06263", "HAS_SSL": "Y", "HAS_PLACE_NAME": "N", "HAS_CONDO": "N", "HAS_RESIDENTIAL_UNIT": "N", "STREET_VIEW_URL": "http://maps.google.com/maps?z=16&layer=c&cbll=38.88847648,-76.97960393&cbp=11,185.667918279855,,0,2.09", "RESIDENTIAL_TYPE": "RESIDENTIAL", "PLACEMENT": "CENTER OF BUILDING", "SSL_ALIGNMENT": "ALIGNS WELL", "BUILDING": "Y", "SSL": "1097    0112", "SQUARE": "1097", "SUFFIX": null, "LOT": "0112", "MULTIPLE_LAND_SSL": null, "GRID_DIRECTION": "EAST", "HOUSING_UNIT_COUNT": 1, "RESIDENTIAL_UNIT_COUNT": 0, "BEFORE_DATE": null, "BEFORE_DATE_SOURCE": null, "BEGIN_DATE": "1924-09-27T00:00:01Z", "BEGIN_DATE_SOURCE": "BUILDING PERMIT", "FIRST_KNOWN_DATE": null, "FIRST_KNOWN_DATE_SOURCE": null, "CREATED_DATE": "2005-05-12T00:00:00Z", "LAST_EDITED_DATE": null, "SE_ANNO_CAD_DATA": null, "SMD": "SMD 7D09", "ANC": "ANC 7D" }, "geometry": { "type": "Point", "coordinates": [ -76.97960393, 38.88847648 ] } },
{ "type": "Feature", "properties": { "X": -8573786.0985000003, "Y": 4711469.1322, "OBJECTID": 190569027, "MAR_ID": 229413, "ADDRESS": "503 COLUMBIA ROAD NW", "ADDRESS_NUMBER": 503, "ADDRESS_NUMBER_SUFFIX": null, "STREET_NAME": "COLUMBIA", "STREET_TYPE": "ROAD", "QUADRANT": "NW", "ZIPCODE": 20001, "CITY": "WASHINGTON", "STATE": "DC", "COUNTRY": "UNITED STATES", "X_COORDINATE": 398298.02, "Y_COORDINATE": 140094.85, "LATITUDE": 38.92873121, "LONGITUDE": -77.01962866, "ADDRESS_TYPE": "ADDRESS", "STATUS": "ACTIVE", "ROUTEID": "11024632", "BLOCKKEY": "e8ce7fce9c4cd518da9572ba48173100", "SUBBLOCKKEY": "585b3b48c676f554f0563450fd656446", "WARD": "Ward 1", "METADATA_ID": 50347650, "NATIONAL_GRID": "18S UJ 24934 10807", "HAS_SSL": "Y", "HAS_PLACE_NAME": "N", "HAS_CONDO": "N", "HAS_RESIDENTIAL_UNIT": "N", "STREET_VIEW_URL": "http://maps.google.com/maps?z=16&layer=c&cbll=38.92873121,-77.01962866&cbp=11,242.690636953222,,0,2.09", "RESIDENTIAL_TYPE": "RESIDENTIAL", "PLACEMENT": "CENTER OF BUILDING", "SSL_ALIGNMENT": "ALIGNS WELL", "BUILDING": "Y", "SSL": "3051    0128", "SQUARE": "3051", "SUFFIX": null, "LOT": "0128", "MULTIPLE_LAND_SSL": null, "GRID_DIRECTION": "WEST", "HOUSING_UNIT_COUNT": 1, "RESIDENTIAL_UNIT_COUNT": 0, "BEFORE_DATE": null, "BEFORE_DATE_SOURCE": null, "BEGIN_DATE": "1914-02-11T00:00:01Z", "BEGIN_DATE_SOURCE": "BUILDING PERMIT", "FIRST_KNOWN_DATE": null, "FIRST_KNOWN_DATE_SOURCE": null, "CREATED_DATE": "2005-05-12T00:00:00Z", "LAST_EDITED_DATE": "2006-01-18T16:42:21Z", "SE_ANNO_CAD_DATA": null, "SMD": "SMD 1E04", "ANC": "ANC 1E" }, "geometry": { "type": "Point", "coordinates": [ -77.01962866, 38.92873121 ] } },
{ "type": "Feature", "properties": { "X": -8564651.762, "Y": 4708831.4634999996, "OBJECTID": 190569862, "MAR_ID": 149031, "ADDRESS": "1503 45TH STREET NE", "ADDRESS_NUMBER": 1503, "ADDRESS_NUMBER_SUFFIX": null, "STREET_NAME": "45TH", "STREET_TYPE": "STREET", "QUADRANT": "NE", "ZIPCODE": 20019, "CITY": "WASHINGTON", "STATE": "DC", "COUNTRY": "UNITED STATES", "X_COORDINATE": 405414.33, "Y_COORDINATE": 138050.07, "LATITUDE": 38.9102958, "LONGITUDE": -76.93757354, "ADDRESS_TYPE": "ADDRESS", "STATUS": "ACTIVE", "ROUTEID": "12004502", "BLOCKKEY": "2d7e6444ab8f59fe6072f66d00b535f9", "SUBBLOCKKEY": "7fe67aced4abc133aa1f0e2b97ddd929", "WARD": "Ward 7", "METADATA_ID": 50348486, "NATIONAL_GRID": "18S UJ 32010 08612", "HAS_SSL": "Y", "HAS_PLACE_NAME": "N", "HAS_CONDO": "N", "HAS_RESIDENTIAL_UNIT": "N", "STREET_VIEW_URL": "http://maps.google.com/maps?z=16&layer=c&cbll=38.9103625,-76.93752045&cbp=11,94.7690145833143,,0,2.09", "RESIDENTIAL_TYPE": "RESIDENTIAL", "PLACEMENT": "CENTER OF BUILDING", "SSL_ALIGNMENT": "ALIGNS WELL", "BUILDING": "Y", "SSL": "5116    0194", "SQUARE": "5116", "SUFFIX": null, "LOT": "0194", "MULTIPLE_LAND_SSL": null, "GRID_DIRECTION": "NORTH", "HOUSING_UNIT_COUNT": 1, "RESIDENTIAL_UNIT_COUNT": 0, "BEFORE_DATE": null, "BEFORE_DATE_SOURCE": null, "BEGIN_DATE": "2023-05-01T00:00:00Z", "BEGIN_DATE_SOURCE": "DOB ADDRESS ASSIGNMENT", "FIRST_KNOWN_DATE": null, "FIRST_KNOWN_DATE_SOURCE": null, "CREATED_DATE": "2023-05-12T10:41:05Z", "LAST_EDITED_DATE": null, "SE_ANNO_CAD_DATA": null, "SMD": "SMD 7D01", "ANC": "ANC 7D" }, "geometry": { "type": "Point", "coordinates": [ -76.93757354, 38.9102958 ] } },
{ "type": "Feature", "properties": { "X": -8565729.1298999991, "Y": 4703057.1881, "OBJECTID": 190570688, "MAR_ID": 278453, "ADDRESS": "3960 ALABAMA AVENUE SE", "ADDRESS_NUMBER": 3960, "ADDRESS_NUMBER_SUFFIX": null, "STREET_NAME": "ALABAMA", "STREET_TYPE": "AVENUE", "QUADRANT": "SE", "ZIPCODE": 20020, "CITY": "WASHINGTON", "STATE": "DC", "COUNTRY": "UNITED STATES", "X_COORDINATE": 404577.52, "Y_COORDINATE": 133567.71, "LATITUDE": 38.86992212, "LONGITUDE": -76.9472517, "ADDRESS_TYPE": "ADDRESS", "STATUS": "ACTIVE", "ROUTEID": "13009362", "BLOCKKEY": "871c7c23d0610b8c5feea0b5ea94b7ad", "SUBBLOCKKEY": "c0c5761eac64f55bced5e6c626871545", "WARD": "Ward 7", "METADATA_ID": 50349314, "NATIONAL_GRID": "18S UJ 31069 04144", "HAS_SSL": "Y", "HAS_PLACE_NAME": "N", "HAS_CONDO": "N", "HAS_RESIDENTIAL_UNIT": "N", "STREET_VIEW_URL": "http://maps.google.com/maps?z=16&layer=c&cbll=38.86992212,-76.9472517&cbp=11,320.278066405214,,0,2.09", "RESIDENTIAL_TYPE": "RESIDENTIAL", "PLACEMENT": "CENTER OF BUILDING", "SSL_ALIGNMENT": "ALIGNS WELL", "BUILDING": "Y", "SSL": "PAR 02010129", "SQUARE": "PAR", "SUFFIX": "0201", "LOT": "0129", "MULTIPLE_LAND_SSL": null, "GRID_DIRECTION": "EAST", "HOUSING_UNIT_COUNT": 1, "RESIDENTIAL_UNIT_COUNT": 0, "BEFORE_DATE": null, "BEFORE_DATE_SOURCE": null, "BEGIN_DATE": "1949-06-24T00:00:01Z", "BEGIN_DATE_SOURCE": "BUILDING PERMIT", "FIRST_KNOWN_DATE": null, "FIRST_KNOWN_DATE_SOURCE": null, "CREATED_DATE": "2005-05-12T00:00:00Z", "LAST_EDITED_DATE": "2006-01-18T16:42:24Z", "SE_ANNO_CAD_DATA": null, "SMD": "SMD 7B07", "ANC": "ANC 7B" }, "geometry": { "type": "Point", "coordinates": [ -76.9472517, 38.86992212 ] } },
{ "type": "Feature", "properties": { "X": -8570992.3500999995, "Y": 4713506.9725000001, "OBJECTID": 190571329, "MAR_ID": 22543, "ADDRESS": "4401 8TH STREET NE", "ADDRESS_NUMBER": 4401, "ADDRESS_NUMBER_SUFFIX": null, "STREET_NAME": "8TH", "STREET_TYPE": "STREET", "QUADRANT": "NE", "ZIPCODE": 20017, "CITY": "WASHINGTON", "STATE": "DC", "COUNTRY": "UNITED STATES", "X_COORDINATE": 400474.03, "Y_COORDINATE": 141675.39, "LATITUDE": 38.9429707, "LONGITUDE": -76.994532, "ADDRESS_TYPE": "ADDRESS", "STATUS": "ACTIVE", "ROUTEID": "12000802", "BLOCKKEY": "a9949d0af185038a5f4486e5b0cc00ee", "SUBBLOCKKEY": "2826b5341cc66c75a711812da57e54a1", "WARD": "Ward 5", "METADATA_ID": 50349956, "NATIONAL_GRID": "18S UJ 27144 12340", "HAS_SSL": "Y", "HAS_PLACE_NAME": "Y", "HAS_CONDO": "N", "HAS_RESIDENTIAL_UNIT": "N", "STREET_VIEW_URL": "http://maps.google.com/maps?z=16&layer=c&cbll=38.9429707,-76.994532&cbp=11,60.0130308414765,,0,2.09", "RESIDENTIAL_TYPE": "NON RESIDENTIAL", "PLACEMENT": "MAIN ENTRANCE", "SSL_ALIGNMENT": "ALIGNS WELL", "BUILDING": "Y", "SSL": "3894    0830", "SQUARE": "3894", "SUFFIX": null, "LOT": "0830", "MULTIPLE_LAND_SSL": null, "GRID_DIRECTION": "NORTH", "HOUSING_UNIT_COUNT": 0, "RESIDENTIAL_UNIT_COUNT": 0, "BEFORE_DATE": null, "BEFORE_DATE_SOURCE": null, "BEGIN_DATE": "1915-06-10T00:00:01Z", "BEGIN_DATE_SOURCE": "BUILDING PERMIT", "FIRST_KNOWN_DATE": null, "FIRST_KNOWN_DATE_SOURCE": null, "CREATED_DATE": "2005-05-12T00:00:00Z", "LAST_EDITED_DATE": null, "SE_ANNO_CAD_DATA": null, "SMD": "SMD 5A03", "ANC": "ANC 5A" }, "geometry": { "type": "Point", "coordinates": [ -76.994532, 38.9429707 ] } },
{ "type": "Feature", "properties": { "X": -8569718.8118999992, "Y": 4702270.4183, "OBJECTID": 190574301, "MAR_ID": 61806, "ADDRESS": "1517 V STREET SE", "ADDRESS_NUMBER": 1517, "ADDRESS_NUMBER_SUFFIX": null, "STREET_NAME": "V", "STREET_TYPE": "STREET", "QUADRANT": "SE", "ZIPCODE": 20020, "CITY": "WASHINGTON", "STATE": "DC", "COUNTRY": "UNITED STATES", "X_COORDINATE": 401467.43, "Y_COORDINATE": 132955.66, "LATITUDE": 38.86441921, "LONGITUDE": -76.98309162, "ADDRESS_TYPE": "ADDRESS", "STATUS": "ACTIVE", "ROUTEID": "13088462", "BLOCKKEY": "9ddca9d2d90aead4e7a66afaa76e081e", "SUBBLOCKKEY": "9ddca9d2d90aead4e7a66afaa76e081e", "WARD": "Ward 8", "METADATA_ID": 50352936, "NATIONAL_GRID": "18S UJ 27946 03600", "HAS_SSL": "Y", "HAS_PLACE_NAME": "N", "HAS_CONDO": "N", "HAS_RESIDENTIAL_UNIT": "Y", "STREET_VIEW_URL": "http://maps.google.com/maps?z=16&layer=c&cbll=38.86441921,-76.98309162&cbp=11,175.038378207527,,0,2.09", "RESIDENTIAL_TYPE": "RESIDENTIAL", "PLACEMENT": "CENTER OF BUILDING", "SSL_ALIGNMENT": "ALIGNS WELL", "BUILDING": "Y", "SSL": "5779    0830", "SQUARE": "5779", "SUFFIX": null, "LOT": "0830", "MULTIPLE_LAND_SSL": null, "GRID_DIRECTION": "EAST", "HOUSING_UNIT_COUNT": 2, "RESIDENTIAL_UNIT_COUNT": 2, "BEFORE_DATE": null, "BEFORE_DATE_SOURCE": null, "BEGIN_DATE": "1950-07-12T00:00:01Z", "BEGIN_DATE_SOURCE": "BUILDING PERMIT", "FIRST_KNOWN_DATE": null, "FIRST_KNOWN_DATE_SOURCE": null, "CREATED_DATE": "2005-05-12T00:00:00Z", "LAST_EDITED_DATE": null, "SE_ANNO_CAD_DATA": null, "SMD": "SMD 8A05", "ANC": "ANC 8A" }, "geometry": { "type": "Point", "coordinates": [ -76.98309162, 38.86441921 ] } },
{ "type": "Feature", "properties": { "X": -8570979.2446, "Y": 4715532.1794999996, "OBJECTID": 190574616, "MAR_ID": 8791, "ADDRESS": "5428 8TH STREET NE", "ADDRESS_NUMBER": 5428, "ADDRESS_NUMBER_SUFFIX": null, "STREET_NAME": "8TH", "STREET_TYPE": "STREET", "QUADRANT": "NE", "ZIPCODE": 20011, "CITY": "WASHINGTON", "STATE": "DC", "COUNTRY": "UNITED STATES", "X_COORDINATE": 400484.14, "Y_COORDINATE": 143245.99, "LATITUDE": 38.95711909, "LONGITUDE": -76.99441427, "ADDRESS_TYPE": "ADDRESS", "STATUS": "ACTIVE", "ROUTEID": "12000802", "BLOCKKEY": "5322060a89f110e7a9d9b21cff6fb4ea", "SUBBLOCKKEY": "5322060a89f110e7a9d9b21cff6fb4ea", "WARD": "Ward 5", "METADATA_ID": 50353252, "NATIONAL_GRID": "18S UJ 27189 13910", "HAS_SSL": "Y", "HAS_PLACE_NAME": "N", "HAS_CONDO": "N", "HAS_RESIDENTIAL_UNIT": "N", "STREET_VIEW_URL": "http://maps.google.com/maps?z=16&layer=c&cbll=38.95711909,-76.99441427&cbp=11,199.685392047114,,0,2.09", "RESIDENTIAL_TYPE": "RESIDENTIAL", "PLACEMENT": "CENTER OF BUILDING", "SSL_ALIGNMENT": "ALIGNS WELL", "BUILDING": "Y", "SSL": "3745    0093", "SQUARE": "3745", "SUFFIX": null, "LOT": "0093", "MULTIPLE_LAND_SSL": null, "GRID_DIRECTION": "NORTH", "HOUSING_UNIT_COUNT": 1, "RESIDENTIAL_UNIT_COUNT": 0, "BEFORE_DATE": null, "BEFORE_DATE_SOURCE": null, "BEGIN_DATE": "1951-05-07T00:00:01Z", "BEGIN_DATE_SOURCE": "BUILDING PERMIT", "FIRST_KNOWN_DATE": null, "FIRST_KNOWN_DATE_SOURCE": null, "CREATED_DATE": "2005-05-12T00:00:00Z", "LAST_EDITED_DATE": null, "SE_ANNO_CAD_DATA": null, "SMD": "SMD 5A01", "ANC": "ANC 5A" }, "geometry": { "type": "Point", "coordinates": [ -76.99441427, 38.95711909 ] } },
{ "type": "Feature", "properties": { "X": -8567510.8851999994, "Y": 4701783.2430999996, "OBJECTID": 190577149, "MAR_ID": 41479, "ADDRESS": "3031 ALABAMA AVENUE SE", "ADDRESS_NUMBER": 3031, "ADDRESS_NUMBER_SUFFIX": null, "STREET_NAME": "ALABAMA", "STREET_TYPE": "AVENUE", "QUADRANT": "SE", "ZIPCODE": 20020, "CITY": "WASHINGTON", "STATE": "DC", "COUNTRY": "UNITED STATES", "X_COORDINATE": 403188.93, "Y_COORDINATE": 132577.89, "LATITUDE": 38.86101155, "LONGITUDE": -76.96325748, "ADDRESS_TYPE": "ADDRESS", "STATUS": "ACTIVE", "ROUTEID": "13009362", "BLOCKKEY": "71674f45ab0e97b8b29742f0ef35693d", "SUBBLOCKKEY": "9932fbb6fffcb473de3f9b614af202e4", "WARD": "Ward 7", "METADATA_ID": 50355790, "NATIONAL_GRID": "18S UJ 29659 03185", "HAS_SSL": "Y", "HAS_PLACE_NAME": "N", "HAS_CONDO": "N", "HAS_RESIDENTIAL_UNIT": "N", "STREET_VIEW_URL": "http://maps.google.com/maps?z=16&layer=c&cbll=38.86101155,-76.96325748&cbp=11,160.485582479665,,0,2.09", "RESIDENTIAL_TYPE": "RESIDENTIAL", "PLACEMENT": "CENTER OF BUILDING", "SSL_ALIGNMENT": "ALIGNS WELL", "BUILDING": "Y", "SSL": "5651    0022", "SQUARE": "5651", "SUFFIX": null, "LOT": "0022", "MULTIPLE_LAND_SSL": null, "GRID_DIRECTION": "EAST", "HOUSING_UNIT_COUNT": 1, "RESIDENTIAL_UNIT_COUNT": 0, "BEFORE_DATE": null, "BEFORE_DATE_SOURCE": null, "BEGIN_DATE": "1936-08-21T00:00:01Z", "BEGIN_DATE_SOURCE": "BUILDING PERMIT", "FIRST_KNOWN_DATE": null, "FIRST_KNOWN_DATE_SOURCE": null, "CREATED_DATE": "2005-05-12T00:00:00Z", "LAST_EDITED_DATE": null, "SE_ANNO_CAD_DATA": null, "SMD": "SMD 7B05", "ANC": "ANC 7B" }, "geometry": { "type": "Point", "coordinates": [ -76.96325748, 38.86101155 ] } },
{ "type": "Feature", "properties": { "X": -8580505.6045999993, "Y": 4715886.3893999998, "OBJECTID": 190580929, "MAR_ID": 264971, "ADDRESS": "5303 41ST STREET NW", "ADDRESS_NUMBER": 5303, "ADDRESS_NUMBER_SUFFIX": null, "STREET_NAME": "41ST", "STREET_TYPE": "STREET", "QUADRANT": "NW", "ZIPCODE": 20015, "CITY": "WASHINGTON", "STATE": "DC", "COUNTRY": "UNITED STATES", "X_COORDINATE": 393067.07, "Y_COORDINATE": 143523.68, "LATITUDE": 38.95959303, "LONGITUDE": -77.07999099, "ADDRESS_TYPE": "ADDRESS", "STATUS": "ACTIVE", "ROUTEID": "11004102", "BLOCKKEY": "513e9990dd4ae022fd4916e3047388fd", "SUBBLOCKKEY": "07cc5fac8af49d3e766fd72b35585504", "WARD": "Ward 3", "METADATA_ID": 50359572, "NATIONAL_GRID": "18S UJ 19774 14349", "HAS_SSL": "Y", "HAS_PLACE_NAME": "N", "HAS_CONDO": "N", "HAS_RESIDENTIAL_UNIT": "N", "STREET_VIEW_URL": "http://maps.google.com/maps?z=16&layer=c&cbll=38.95958757,-77.08004498&cbp=11,93.0465470986322,,0,2.09", "RESIDENTIAL_TYPE": "RESIDENTIAL", "PLACEMENT": "CENTER OF BUILDING", "SSL_ALIGNMENT": "ALIGNS WELL", "BUILDING": "Y", "SSL": "1752    0019", "SQUARE": "1752", "SUFFIX": null, "LOT": "0019", "MULTIPLE_LAND_SSL": null, "GRID_DIRECTION": "NORTH", "HOUSING_UNIT_COUNT": 1, "RESIDENTIAL_UNIT_COUNT": 0, "BEFORE_DATE": null, "BEFORE_DATE_SOURCE": null, "BEGIN_DATE": "1921-12-17T00:00:01Z", "BEGIN_DATE_SOURCE": "BUILDING PERMIT", "FIRST_KNOWN_DATE": null, "FIRST_KNOWN_DATE_SOURCE": null, "CREATED_DATE": "2019-07-29T08:37:11Z", "LAST_EDITED_DATE": null, "SE_ANNO_CAD_DATA": null, "SMD": "SMD 3E04", "ANC": "ANC 3E" }, "geometry": { "type": "Point", "coordinates": [ -77.07999099, 38.95959303 ] } },
{ "type": "Feature", "properties": { "X": -8575358.2765999995, "Y": 4715234.0905, "OBJECTID": 190581516, "MAR_ID": 255845, "ADDRESS": "5331 COLORADO AVENUE NW", "ADDRESS_NUMBER": 5331, "ADDRESS_NUMBER_SUFFIX": null, "STREET_NAME": "COLORADO", "STREET_TYPE": "AVENUE", "QUADRANT": "NW", "ZIPCODE": 20011, "CITY": "WASHINGTON", "STATE": "DC", "COUNTRY": "UNITED STATES", "X_COORDINATE": 397074.5, "Y_COORDINATE": 143015.36, "LATITUDE": 38.95503678, "LONGITUDE": -77.03375177, "ADDRESS_TYPE": "ADDRESS", "STATUS": "ACTIVE", "ROUTEID": "11024502", "BLOCKKEY": "92d50a07bb420caff970ce7c528abd97", "SUBBLOCKKEY": "f8ee21e73ccc768fa2bf59fd727c6aea", "WARD": "Ward 4", "METADATA_ID": 50512929, "NATIONAL_GRID": "18S UJ 23775 13754", "HAS_SSL": "N", "HAS_PLACE_NAME": "N", "HAS_CONDO": "N", "HAS_RESIDENTIAL_UNIT": "N", "STREET_VIEW_URL": "http://maps.google.com/maps?z=16&layer=c&cbll=38.95503678,-77.03375177&cbp=11,274.38725188104,,0,2.09", "RESIDENTIAL_TYPE": "NON RESIDENTIAL", "PLACEMENT": "CENTER OF BUILDING", "SSL_ALIGNMENT": "ALIGNS WELL", "BUILDING": "Y", "SSL": "2716    0804", "SQUARE": "2716", "SUFFIX": null, "LOT": "0804", "MULTIPLE_LAND_SSL": null, "GRID_DIRECTION": "NORTH", "HOUSING_UNIT_COUNT": 0, "RESIDENTIAL_UNIT_COUNT": 0, "BEFORE_DATE": null, "BEFORE_DATE_SOURCE": null, "BEGIN_DATE": "1950-10-04T00:00:01Z", "BEGIN_DATE_SOURCE": "BUILDING PERMIT", "FIRST_KNOWN_DATE": null, "FIRST_KNOWN_DATE_SOURCE": null, "CREATED_DATE": "2005-05-12T00:00:00Z", "LAST_EDITED_DATE": "2026-03-02T09:41:33Z", "SE_ANNO_CAD_DATA": null, "SMD": "SMD 4E03", "ANC": "ANC 4E" }, "geometry": { "type": "Point", "coordinates": [ -77.03375177, 38.95503678 ] } },
{ "type": "Feature", "properties": { "X": -8581256.6383999996, "Y": 4710365.7626999998, "OBJECTID": 190582155, "MAR_ID": 271244, "ADDRESS": "2314 44TH STREET NW", "ADDRESS_NUMBER": 2314, "ADDRESS_NUMBER_SUFFIX": null, "STREET_NAME": "44TH", "STREET_TYPE": "STREET", "QUADRANT": "NW", "ZIPCODE": 20007, "CITY": "WASHINGTON", "STATE": "DC", "COUNTRY": "UNITED STATES", "X_COORDINATE": 392478.26, "Y_COORDINATE": 139242.25, "LATITUDE": 38.92102017, "LONGITUDE": -77.08673764, "ADDRESS_TYPE": "ADDRESS", "STATUS": "ACTIVE", "ROUTEID": "11004402", "BLOCKKEY": "c0f9628423371d0413b4eabd876bf469", "SUBBLOCKKEY": "96426592dc46144dc4d9f0e96e3cf465", "WARD": "Ward 3", "METADATA_ID": 50360799, "NATIONAL_GRID": "18S UJ 19097 10082", "HAS_SSL": "Y", "HAS_PLACE_NAME": "N", "HAS_CONDO": "N", "HAS_RESIDENTIAL_UNIT": "N", "STREET_VIEW_URL": null, "RESIDENTIAL_TYPE": "RESIDENTIAL", "PLACEMENT": "CENTER OF BUILDING", "SSL_ALIGNMENT": "ALIGNS WELL", "BUILDING": "Y", "SSL": "1341    0031", "SQUARE": "1341", "SUFFIX": null, "LOT": "0031", "MULTIPLE_LAND_SSL": null, "GRID_DIRECTION": "NORTH", "HOUSING_UNIT_COUNT": 1, "RESIDENTIAL_UNIT_COUNT": 0, "BEFORE_DATE": null, "BEFORE_DATE_SOURCE": null, "BEGIN_DATE": "1939-07-24T00:00:01Z", "BEGIN_DATE_SOURCE": "BUILDING PERMIT", "FIRST_KNOWN_DATE": null, "FIRST_KNOWN_DATE_SOURCE": null, "CREATED_DATE": "2005-05-12T00:00:00Z", "LAST_EDITED_DATE": "2005-12-17T05:36:08Z", "SE_ANNO_CAD_DATA": null, "SMD": "SMD 3D07", "ANC": "ANC 3D" }, "geometry": { "type": "Point", "coordinates": [ -77.08673764, 38.92102017 ] } },
{ "type": "Feature", "properties": { "X": -8575692.8710999992, "Y": 4714324.4252000004, "OBJECTID": 190582191, "MAR_ID": 258742, "ADDRESS": "4808 16TH STREET NW", "ADDRESS_NUMBER": 4808, "ADDRESS_NUMBER_SUFFIX": null, "STREET_NAME": "16TH", "STREET_TYPE": "STREET", "QUADRANT": "NW", "ZIPCODE": 20011, "CITY": "WASHINGTON", "STATE": "DC", "COUNTRY": "UNITED STATES", "X_COORDINATE": 396813.69, "Y_COORDINATE": 142310.01, "LATITUDE": 38.94868189, "LONGITUDE": -77.03675748000001, "ADDRESS_TYPE": "ADDRESS", "STATUS": "ACTIVE", "ROUTEID": "11001602", "BLOCKKEY": "069b839a8a2c82baca31624774ff48e4", "SUBBLOCKKEY": "069b839a8a2c82baca31624774ff48e4", "WARD": "Ward 4", "METADATA_ID": 50360835, "NATIONAL_GRID": "18S UJ 23498 13054", "HAS_SSL": "Y", "HAS_PLACE_NAME": "N", "HAS_CONDO": "N", "HAS_RESIDENTIAL_UNIT": "N", "STREET_VIEW_URL": "http://maps.google.com/maps?z=16&layer=c&cbll=38.94868189,-77.03675748&cbp=11,282.127579362538,,0,2.09", "RESIDENTIAL_TYPE": "RESIDENTIAL", "PLACEMENT": "CENTER OF BUILDING", "SSL_ALIGNMENT": "ALIGNS WELL", "BUILDING": "Y", "SSL": "2654    0026", "SQUARE": "2654", "SUFFIX": null, "LOT": "0026", "MULTIPLE_LAND_SSL": null, "GRID_DIRECTION": "NORTH", "HOUSING_UNIT_COUNT": 1, "RESIDENTIAL_UNIT_COUNT": 0, "BEFORE_DATE": null, "BEFORE_DATE_SOURCE": null, "BEGIN_DATE": "1935-11-05T00:00:01Z", "BEGIN_DATE_SOURCE": "BUILDING PERMIT", "FIRST_KNOWN_DATE": null, "FIRST_KNOWN_DATE_SOURCE": null, "CREATED_DATE": "2005-05-12T00:00:00Z", "LAST_EDITED_DATE": null, "SE_ANNO_CAD_DATA": null, "SMD": "SMD 4E06", "ANC": "ANC 4E" }, "geometry": { "type": "Point", "coordinates": [ -77.03675748, 38.94868189 ] } },
{ "type": "Feature", "properties": { "X": -8578554.7217999995, "Y": 4711642.9768000003, "OBJECTID": 190582957, "MAR_ID": 219879, "ADDRESS": "3124 WOODLEY ROAD NW", "ADDRESS_NUMBER": 3124, "ADDRESS_NUMBER_SUFFIX": null, "STREET_NAME": "WOODLEY", "STREET_TYPE": "ROAD", "QUADRANT": "NW", "ZIPCODE": 20008, "CITY": "WASHINGTON", "STATE": "DC", "COUNTRY": "UNITED STATES", "X_COORDINATE": 394583.74, "Y_COORDINATE": 140231.38, "LATITUDE": 38.92994607, "LONGITUDE": -77.06246592, "ADDRESS_TYPE": "ADDRESS", "STATUS": "ACTIVE", "ROUTEID": "11094252", "BLOCKKEY": "26abdd411387e8a811b19536bd273764", "SUBBLOCKKEY": "26abdd411387e8a811b19536bd273764", "WARD": "Ward 3", "METADATA_ID": 50361601, "NATIONAL_GRID": "18S UJ 21223 11025", "HAS_SSL": "Y", "HAS_PLACE_NAME": "N", "HAS_CONDO": "N", "HAS_RESIDENTIAL_UNIT": "N", "STREET_VIEW_URL": "http://maps.google.com/maps?z=16&layer=c&cbll=38.92994607,-77.06246592&cbp=11,199.578101829082,,0,2.09", "RESIDENTIAL_TYPE": "RESIDENTIAL", "PLACEMENT": "CENTER OF BUILDING", "SSL_ALIGNMENT": "ALIGNS WELL", "BUILDING": "Y", "SSL": "2102    0043", "SQUARE": "2102", "SUFFIX": null, "LOT": "0043", "MULTIPLE_LAND_SSL": null, "GRID_DIRECTION": "WEST", "HOUSING_UNIT_COUNT": 1, "RESIDENTIAL_UNIT_COUNT": 0, "BEFORE_DATE": null, "BEFORE_DATE_SOURCE": null, "BEGIN_DATE": "1915-07-16T00:00:01Z", "BEGIN_DATE_SOURCE": "BUILDING PERMIT", "FIRST_KNOWN_DATE": null, "FIRST_KNOWN_DATE_SOURCE": null, "CREATED_DATE": "2005-05-12T00:00:00Z", "LAST_EDITED_DATE": "2005-12-17T05:36:07Z", "SE_ANNO_CAD_DATA": null, "SMD": "SMD 3C07", "ANC": "ANC 3C" }, "geometry": { "type": "Point", "coordinates": [ -77.06246592, 38.92994607 ] } },
{ "type": "Feature", "properties": { "X": -8569177.5427000001, "Y": 4708188.6183000002, "OBJECTID": 190583195, "MAR_ID": 57312, "ADDRESS": "1718 M STREET NE", "ADDRESS_NUMBER": 1718, "ADDRESS_NUMBER_SUFFIX": null, "STREET_NAME": "M", "STREET_TYPE": "STREET", "QUADRANT": "NE", "ZIPCODE": 20002, "CITY": "WASHINGTON", "STATE": "DC", "COUNTRY": "UNITED STATES", "X_COORDINATE": 401888.32, "Y_COORDINATE": 137549.61, "LATITUDE": 38.90580246, "LONGITUDE": -76.97822931, "ADDRESS_TYPE": "ADDRESS", "STATUS": "ACTIVE", "ROUTEID": "12057852", "BLOCKKEY": "6b3b06b506bda9acaf9a820b11e60599", "SUBBLOCKKEY": "6b3b06b506bda9acaf9a820b11e60599", "WARD": "Ward 5", "METADATA_ID": 50361839, "NATIONAL_GRID": "18S UJ 28467 08184", "HAS_SSL": "Y", "HAS_PLACE_NAME": "N", "HAS_CONDO": "N", "HAS_RESIDENTIAL_UNIT": "N", "STREET_VIEW_URL": "http://maps.google.com/maps?z=16&layer=c&cbll=38.90580246,-76.97822931&cbp=11,254.959496113301,,0,2.09", "RESIDENTIAL_TYPE": "RESIDENTIAL", "PLACEMENT": "CENTER OF BUILDING", "SSL_ALIGNMENT": "ALIGNS WELL", "BUILDING": "Y", "SSL": "4445    0071", "SQUARE": "4445", "SUFFIX": null, "LOT": "0071", "MULTIPLE_LAND_SSL": null, "GRID_DIRECTION": "EAST", "HOUSING_UNIT_COUNT": 1, "RESIDENTIAL_UNIT_COUNT": 0, "BEFORE_DATE": null, "BEFORE_DATE_SOURCE": null, "BEGIN_DATE": "1925-06-26T00:00:01Z", "BEGIN_DATE_SOURCE": "BUILDING PERMIT", "FIRST_KNOWN_DATE": null, "FIRST_KNOWN_DATE_SOURCE": null, "CREATED_DATE": "2005-05-12T00:00:00Z", "LAST_EDITED_DATE": null, "SE_ANNO_CAD_DATA": null, "SMD": "SMD 5D08", "ANC": "ANC 5D" }, "geometry": { "type": "Point", "coordinates": [ -76.97822931, 38.90580246 ] } },
{ "type": "Feature", "properties": { "X": -8574215.9274000004, "Y": 4714434.8128000004, "OBJECTID": 190583907, "MAR_ID": 249924, "ADDRESS": "4834 ILLINOIS AVENUE NW", "ADDRESS_NUMBER": 4834, "ADDRESS_NUMBER_SUFFIX": null, "STREET_NAME": "ILLINOIS", "STREET_TYPE": "AVENUE", "QUADRANT": "NW", "ZIPCODE": 20011, "CITY": "WASHINGTON", "STATE": "DC", "COUNTRY": "UNITED STATES", "X_COORDINATE": 397963.81, "Y_COORDINATE": 142395.24, "LATITUDE": 38.94945308, "LONGITUDE": -77.02348988, "ADDRESS_TYPE": "ADDRESS", "STATUS": "ACTIVE", "ROUTEID": "11047902", "BLOCKKEY": "76cd0336536329924d1466693013f291", "SUBBLOCKKEY": "76cd0336536329924d1466693013f291", "WARD": "Ward 4", "METADATA_ID": 50362551, "NATIONAL_GRID": "18S UJ 24650 13114", "HAS_SSL": "Y", "HAS_PLACE_NAME": "N", "HAS_CONDO": "N", "HAS_RESIDENTIAL_UNIT": "N", "STREET_VIEW_URL": "http://maps.google.com/maps?z=16&layer=c&cbll=38.94945308,-77.02348988&cbp=11,83.3736911107559,,0,2.09", "RESIDENTIAL_TYPE": "RESIDENTIAL", "PLACEMENT": "CENTER OF BUILDING", "SSL_ALIGNMENT": "ALIGNS WELL", "BUILDING": "Y", "SSL": "3145    0044", "SQUARE": "3145", "SUFFIX": null, "LOT": "0044", "MULTIPLE_LAND_SSL": null, "GRID_DIRECTION": "NORTH", "HOUSING_UNIT_COUNT": 1, "RESIDENTIAL_UNIT_COUNT": 0, "BEFORE_DATE": null, "BEFORE_DATE_SOURCE": null, "BEGIN_DATE": "1924-10-16T00:00:01Z", "BEGIN_DATE_SOURCE": "BUILDING PERMIT", "FIRST_KNOWN_DATE": null, "FIRST_KNOWN_DATE_SOURCE": null, "CREATED_DATE": "2005-05-12T00:00:00Z", "LAST_EDITED_DATE": null, "SE_ANNO_CAD_DATA": null, "SMD": "SMD 4D04", "ANC": "ANC 4D" }, "geometry": { "type": "Point", "coordinates": [ -77.02348988, 38.94945308 ] } },
{ "type": "Feature", "properties": { "X": -8576213.6722, "Y": 4709322.2712000003, "OBJECTID": 190584705, "MAR_ID": 241609, "ADDRESS": "1749 18TH STREET NW", "ADDRESS_NUMBER": 1749, "ADDRESS_NUMBER_SUFFIX": null, "STREET_NAME": "18TH", "STREET_TYPE": "STREET", "QUADRANT": "NW", "ZIPCODE": 20009, "CITY": "WASHINGTON", "STATE": "DC", "COUNTRY": "UNITED STATES", "X_COORDINATE": 396406.38, "Y_COORDINATE": 138429.87, "LATITUDE": 38.91372683, "LONGITUDE": -77.04143592, "ADDRESS_TYPE": "ADDRESS", "STATUS": "ACTIVE", "ROUTEID": "11001802", "BLOCKKEY": "3e0a4d42398a615b86fa63d1c90bdcb0", "SUBBLOCKKEY": "5bb4412044f371a46111acc0a5aef199", "WARD": "Ward 2", "METADATA_ID": 50363349, "NATIONAL_GRID": "18S UJ 23006 09184", "HAS_SSL": "Y", "HAS_PLACE_NAME": "N", "HAS_CONDO": "N", "HAS_RESIDENTIAL_UNIT": "N", "STREET_VIEW_URL": "http://maps.google.com/maps?z=16&layer=c&cbll=38.91372683,-77.04143592&cbp=11,78.8248791087631,,0,2.09", "RESIDENTIAL_TYPE": "RESIDENTIAL", "PLACEMENT": "CENTER OF BUILDING", "SSL_ALIGNMENT": "ALIGNS WELL", "BUILDING": "Y", "SSL": "0153    0094", "SQUARE": "0153", "SUFFIX": null, "LOT": "0094", "MULTIPLE_LAND_SSL": null, "GRID_DIRECTION": "NORTH", "HOUSING_UNIT_COUNT": 1, "RESIDENTIAL_UNIT_COUNT": 0, "BEFORE_DATE": null, "BEFORE_DATE_SOURCE": null, "BEGIN_DATE": "1892-04-13T00:00:01Z", "BEGIN_DATE_SOURCE": "BUILDING PERMIT", "FIRST_KNOWN_DATE": null, "FIRST_KNOWN_DATE_SOURCE": null, "CREATED_DATE": "2005-05-12T00:00:00Z", "LAST_EDITED_DATE": null, "SE_ANNO_CAD_DATA": null, "SMD": "SMD 2B01", "ANC": "ANC 2B" }, "geometry": { "type": "Point", "coordinates": [ -77.04143592, 38.91372683 ] } },
{ "type": "Feature", "properties": { "X": -8565606.9982999992, "Y": 4708188.6542999996, "OBJECTID": 190588552, "MAR_ID": 28383, "ADDRESS": "4000 MEADE STREET NE", "ADDRESS_NUMBER": 4000, "ADDRESS_NUMBER_SUFFIX": null, "STREET_NAME": "MEADE", "STREET_TYPE": "STREET", "QUADRANT": "NE", "ZIPCODE": 20019, "CITY": "WASHINGTON", "STATE": "DC", "COUNTRY": "UNITED STATES", "X_COORDINATE": 404670.38, "Y_COORDINATE": 137550.79, "LATITUDE": 38.90580272, "LONGITUDE": -76.94615458, "ADDRESS_TYPE": "ADDRESS", "STATUS": "ACTIVE", "ROUTEID": "12060252", "BLOCKKEY": "ef6c96be96df9e4cffaa3af4be55c786", "SUBBLOCKKEY": "974345633243aace8bf5889b2c728cf3", "WARD": "Ward 7", "METADATA_ID": 50367201, "NATIONAL_GRID": "18S UJ 31249 08124", "HAS_SSL": "Y", "HAS_PLACE_NAME": "N", "HAS_CONDO": "N", "HAS_RESIDENTIAL_UNIT": "N", "STREET_VIEW_URL": "http://maps.google.com/maps?z=16&layer=c&cbll=38.90580272,-76.94615458&cbp=11,104.754505227327,,0,2.09", "RESIDENTIAL_TYPE": "RESIDENTIAL", "PLACEMENT": "CENTER OF BUILDING", "SSL_ALIGNMENT": "ALIGNS WELL", "BUILDING": "Y", "SSL": "5071    0806", "SQUARE": "5071", "SUFFIX": null, "LOT": "0806", "MULTIPLE_LAND_SSL": null, "GRID_DIRECTION": "EAST", "HOUSING_UNIT_COUNT": 1, "RESIDENTIAL_UNIT_COUNT": 0, "BEFORE_DATE": null, "BEFORE_DATE_SOURCE": null, "BEGIN_DATE": "1948-08-26T00:00:01Z", "BEGIN_DATE_SOURCE": "BUILDING PERMIT", "FIRST_KNOWN_DATE": null, "FIRST_KNOWN_DATE_SOURCE": null, "CREATED_DATE": "2005-05-12T00:00:00Z", "LAST_EDITED_DATE": null, "SE_ANNO_CAD_DATA": null, "SMD": "SMD 7D01", "ANC": "ANC 7D" }, "geometry": { "type": "Point", "coordinates": [ -76.94615458, 38.90580272 ] } },
{ "type": "Feature", "properties": { "X": -8568916.4491000008, "Y": 4706901.7302000001, "OBJECTID": 190589459, "MAR_ID": 53125, "ADDRESS": "2000 ROSEDALE STREET NE", "ADDRESS_NUMBER": 2000, "ADDRESS_NUMBER_SUFFIX": null, "STREET_NAME": "ROSEDALE", "STREET_TYPE": "STREET", "QUADRANT": "NE", "ZIPCODE": 20002, "CITY": "WASHINGTON", "STATE": "DC", "COUNTRY": "UNITED STATES", "X_COORDINATE": 402092.02, "Y_COORDINATE": 136550.97, "LATITUDE": 38.8968059, "LONGITUDE": -76.97588387, "ADDRESS_TYPE": "ADDRESS", "STATUS": "ACTIVE", "ROUTEID": "12076962", "BLOCKKEY": "9ed248be1e45b89120c40a2b779b60db", "SUBBLOCKKEY": "2107bad01646d67294076a3369176293", "WARD": "Ward 7", "METADATA_ID": 50368109, "NATIONAL_GRID": "18S UJ 28649 07181", "HAS_SSL": "Y", "HAS_PLACE_NAME": "N", "HAS_CONDO": "N", "HAS_RESIDENTIAL_UNIT": "Y", "STREET_VIEW_URL": "http://maps.google.com/maps?z=16&layer=c&cbll=38.8968059,-76.97588387&cbp=11,82.7804130794341,,0,2.09", "RESIDENTIAL_TYPE": "RESIDENTIAL", "PLACEMENT": "CENTER OF BUILDING", "SSL_ALIGNMENT": "ALIGNS WELL", "BUILDING": "Y", "SSL": "4525    0072", "SQUARE": "4525", "SUFFIX": null, "LOT": "0072", "MULTIPLE_LAND_SSL": null, "GRID_DIRECTION": "EAST", "HOUSING_UNIT_COUNT": 4, "RESIDENTIAL_UNIT_COUNT": 4, "BEFORE_DATE": null, "BEFORE_DATE_SOURCE": null, "BEGIN_DATE": "1940-04-27T00:00:01Z", "BEGIN_DATE_SOURCE": "BUILDING PERMIT", "FIRST_KNOWN_DATE": null, "FIRST_KNOWN_DATE_SOURCE": null, "CREATED_DATE": "2005-05-12T00:00:00Z", "LAST_EDITED_DATE": null, "SE_ANNO_CAD_DATA": null, "SMD": "SMD 7D05", "ANC": "ANC 7D" }, "geometry": { "type": "Point", "coordinates": [ -76.97588387, 38.8968059 ] } },
{ "type": "Feature", "properties": { "X": -8562546.8663, "Y": 4706180.6797000002, "OBJECTID": 190589713, "MAR_ID": 49052, "ADDRESS": "229 57TH PLACE NE", "ADDRESS_NUMBER": 229, "ADDRESS_NUMBER_SUFFIX": null, "STREET_NAME": "57TH", "STREET_TYPE": "PLACE", "QUADRANT": "NE", "ZIPCODE": 20019, "CITY": "WASHINGTON", "STATE": "DC", "COUNTRY": "UNITED STATES", "X_COORDINATE": 407056.13, "Y_COORDINATE": 135994.21, "LATITUDE": 38.89176457, "LONGITUDE": -76.91866495, "ADDRESS_TYPE": "ADDRESS", "STATUS": "ACTIVE", "ROUTEID": "12005732", "BLOCKKEY": "6a113e742ba36285afb794cabfde49d3", "SUBBLOCKKEY": "c9dc428ab794b7582143e7f750ed0ee4", "WARD": "Ward 7", "METADATA_ID": 50368363, "NATIONAL_GRID": "18S UJ 33600 06515", "HAS_SSL": "Y", "HAS_PLACE_NAME": "N", "HAS_CONDO": "N", "HAS_RESIDENTIAL_UNIT": "N", "STREET_VIEW_URL": "http://maps.google.com/maps?z=16&layer=c&cbll=38.89176457,-76.91866495&cbp=11,108.89486937487,,0,2.09", "RESIDENTIAL_TYPE": "RESIDENTIAL", "PLACEMENT": "CENTER OF BUILDING", "SSL_ALIGNMENT": "ALIGNS WELL", "BUILDING": "Y", "SSL": "5246    0032", "SQUARE": "5246", "SUFFIX": null, "LOT": "0032", "MULTIPLE_LAND_SSL": null, "GRID_DIRECTION": "NORTH", "HOUSING_UNIT_COUNT": 1, "RESIDENTIAL_UNIT_COUNT": 0, "BEFORE_DATE": null, "BEFORE_DATE_SOURCE": null, "BEGIN_DATE": "1945-03-28T00:00:01Z", "BEGIN_DATE_SOURCE": "BUILDING PERMIT", "FIRST_KNOWN_DATE": null, "FIRST_KNOWN_DATE_SOURCE": null, "CREATED_DATE": "2005-05-12T00:00:00Z", "LAST_EDITED_DATE": "2008-01-07T14:48:31Z", "SE_ANNO_CAD_DATA": null, "SMD": "SMD 7C02", "ANC": "ANC 7C" }, "geometry": { "type": "Point", "coordinates": [ -76.91866495, 38.89176457 ] } },
{ "type": "Feature", "properties": { "X": -8574687.502, "Y": 4715333.8443, "OBJECTID": 190590263, "MAR_ID": 254619, "ADDRESS": "5417 GEORGIA AVENUE NW", "ADDRESS_NUMBER": 5417, "ADDRESS_NUMBER_SUFFIX": null, "STREET_NAME": "GEORGIA", "STREET_TYPE": "AVENUE", "QUADRANT": "NW", "ZIPCODE": 20011, "CITY": "WASHINGTON", "STATE": "DC", "COUNTRY": "UNITED STATES", "X_COORDINATE": 397596.81, "Y_COORDINATE": 143092.54, "LATITUDE": 38.95573329, "LONGITUDE": -77.0277261, "ADDRESS_TYPE": "ADDRESS", "STATUS": "ACTIVE", "ROUTEID": "11040042", "BLOCKKEY": "dfc07de4a2a624a1e6aa8a01102f0bab", "SUBBLOCKKEY": "7962a03e154ea9ea3d4c7854181abeb2", "WARD": "Ward 4", "METADATA_ID": 50368913, "NATIONAL_GRID": "18S UJ 24301 13819", "HAS_SSL": "Y", "HAS_PLACE_NAME": "N", "HAS_CONDO": "N", "HAS_RESIDENTIAL_UNIT": "Y", "STREET_VIEW_URL": "http://maps.google.com/maps?z=16&layer=c&cbll=38.95572931,-77.02769414&cbp=11,78.4895057088977,,0,2.09", "RESIDENTIAL_TYPE": "RESIDENTIAL", "PLACEMENT": "CENTER OF BUILDING", "SSL_ALIGNMENT": "ALIGNS WELL", "BUILDING": "Y", "SSL": "2996    0807", "SQUARE": "2996", "SUFFIX": null, "LOT": "0807", "MULTIPLE_LAND_SSL": null, "GRID_DIRECTION": "NORTH", "HOUSING_UNIT_COUNT": 2, "RESIDENTIAL_UNIT_COUNT": 1, "BEFORE_DATE": null, "BEFORE_DATE_SOURCE": null, "BEGIN_DATE": "1923-08-17T00:00:01Z", "BEGIN_DATE_SOURCE": "BUILDING PERMIT", "FIRST_KNOWN_DATE": null, "FIRST_KNOWN_DATE_SOURCE": null, "CREATED_DATE": "2024-07-12T10:42:04Z", "LAST_EDITED_DATE": null, "SE_ANNO_CAD_DATA": null, "SMD": "SMD 4D03", "ANC": "ANC 4D" }, "geometry": { "type": "Point", "coordinates": [ -77.0277261, 38.95573329 ] } },
{ "type": "Feature", "properties": { "X": -8570112.0098000001, "Y": 4713217.2521000002, "OBJECTID": 190590349, "MAR_ID": 67113, "ADDRESS": "1332 TAYLOR STREET NE", "ADDRESS_NUMBER": 1332, "ADDRESS_NUMBER_SUFFIX": null, "STREET_NAME": "TAYLOR", "STREET_TYPE": "STREET", "QUADRANT": "NE", "ZIPCODE": 20017, "CITY": "WASHINGTON", "STATE": "DC", "COUNTRY": "UNITED STATES", "X_COORDINATE": 401159.64, "Y_COORDINATE": 141450.75, "LATITUDE": 38.94094611, "LONGITUDE": -76.98662377, "ADDRESS_TYPE": "ADDRESS", "STATUS": "ACTIVE", "ROUTEID": "12084892", "BLOCKKEY": "a0564c922826066b7c3fd369e115d1f6", "SUBBLOCKKEY": "5cbb27b16276bd884b3349033db75bcc", "WARD": "Ward 5", "METADATA_ID": 50368999, "NATIONAL_GRID": "18S UJ 27825 12098", "HAS_SSL": "Y", "HAS_PLACE_NAME": "N", "HAS_CONDO": "N", "HAS_RESIDENTIAL_UNIT": "N", "STREET_VIEW_URL": "http://maps.google.com/maps?z=16&layer=c&cbll=38.94093203,-76.98662043&cbp=11,353.932433370936,,0,2.09", "RESIDENTIAL_TYPE": "RESIDENTIAL", "PLACEMENT": "CENTER OF BUILDING", "SSL_ALIGNMENT": "ALIGNS WELL", "BUILDING": "Y", "SSL": "3971    0004", "SQUARE": "3971", "SUFFIX": null, "LOT": "0004", "MULTIPLE_LAND_SSL": null, "GRID_DIRECTION": "EAST", "HOUSING_UNIT_COUNT": 1, "RESIDENTIAL_UNIT_COUNT": 0, "BEFORE_DATE": null, "BEFORE_DATE_SOURCE": null, "BEGIN_DATE": "1936-02-04T00:00:01Z", "BEGIN_DATE_SOURCE": "BUILDING PERMIT", "FIRST_KNOWN_DATE": null, "FIRST_KNOWN_DATE_SOURCE": null, "CREATED_DATE": "2025-01-30T08:14:07Z", "LAST_EDITED_DATE": null, "SE_ANNO_CAD_DATA": null, "SMD": "SMD 5B02", "ANC": "ANC 5B" }, "geometry": { "type": "Point", "coordinates": [ -76.98662377, 38.94094611 ] } },
{ "type": "Feature", "properties": { "X": -8572887.0342999995, "Y": 4714946.9112, "OBJECTID": 190594136, "MAR_ID": 246103, "ADDRESS": "5125 NEW HAMPSHIRE AVENUE NW", "ADDRESS_NUMBER": 5125, "ADDRESS_NUMBER_SUFFIX": null, "STREET_NAME": "NEW HAMPSHIRE", "STREET_TYPE": "AVENUE", "QUADRANT": "NW", "ZIPCODE": 20011, "CITY": "WASHINGTON", "STATE": "DC", "COUNTRY": "UNITED STATES", "X_COORDINATE": 398998.66, "Y_COORDINATE": 142792.18, "LATITUDE": 38.95303062, "LONGITUDE": -77.01155223000001, "ADDRESS_TYPE": "ADDRESS", "STATUS": "ACTIVE", "ROUTEID": "11064222", "BLOCKKEY": "bf706fb6550cf1ddbcc9b09a158e53f2", "SUBBLOCKKEY": "bf706fb6550cf1ddbcc9b09a158e53f2", "WARD": "Ward 4", "METADATA_ID": 50372790, "NATIONAL_GRID": "18S UJ 25693 13488", "HAS_SSL": "Y", "HAS_PLACE_NAME": "N", "HAS_CONDO": "N", "HAS_RESIDENTIAL_UNIT": "N", "STREET_VIEW_URL": "http://maps.google.com/maps?z=16&layer=c&cbll=38.95303062,-77.01155223&cbp=11,110.071159664149,,0,2.09", "RESIDENTIAL_TYPE": "RESIDENTIAL", "PLACEMENT": "CENTER OF BUILDING", "SSL_ALIGNMENT": "ALIGNS WELL", "BUILDING": "Y", "SSL": "3398    0013", "SQUARE": "3398", "SUFFIX": null, "LOT": "0013", "MULTIPLE_LAND_SSL": null, "GRID_DIRECTION": "NORTH", "HOUSING_UNIT_COUNT": 1, "RESIDENTIAL_UNIT_COUNT": 0, "BEFORE_DATE": null, "BEFORE_DATE_SOURCE": null, "BEGIN_DATE": "1936-03-19T00:00:01Z", "BEGIN_DATE_SOURCE": "BUILDING PERMIT", "FIRST_KNOWN_DATE": null, "FIRST_KNOWN_DATE_SOURCE": null, "CREATED_DATE": "2005-05-12T00:00:00Z", "LAST_EDITED_DATE": null, "SE_ANNO_CAD_DATA": null, "SMD": "SMD 4D08", "ANC": "ANC 4D" }, "geometry": { "type": "Point", "coordinates": [ -77.01155223, 38.95303062 ] } },
{ "type": "Feature", "properties": { "X": -8568980.1389000006, "Y": 4707544.0168000003, "OBJECTID": 190598471, "MAR_ID": 81378, "ADDRESS": "844 19TH STREET NE", "ADDRESS_NUMBER": 844, "ADDRESS_NUMBER_SUFFIX": null, "STREET_NAME": "19TH", "STREET_TYPE": "STREET", "QUADRANT": "NE", "ZIPCODE": 20002, "CITY": "WASHINGTON", "STATE": "DC", "COUNTRY": "UNITED STATES", "X_COORDINATE": 402042.26, "Y_COORDINATE": 137049.42, "LATITUDE": 38.90129623, "LONGITUDE": -76.976456, "ADDRESS_TYPE": "ADDRESS", "STATUS": "ACTIVE", "ROUTEID": "12001902", "BLOCKKEY": "51807a81a51cc79b3101dd7b2b976466", "SUBBLOCKKEY": "de78cb152dd6e4143955c45e9bfa074f", "WARD": "Ward 5", "METADATA_ID": 50377129, "NATIONAL_GRID": "18S UJ 28610 07680", "HAS_SSL": "Y", "HAS_PLACE_NAME": "N", "HAS_CONDO": "N", "HAS_RESIDENTIAL_UNIT": "Y", "STREET_VIEW_URL": "http://maps.google.com/maps?z=16&layer=c&cbll=38.90129623,-76.976456&cbp=11,271.011814236838,,0,2.09", "RESIDENTIAL_TYPE": "RESIDENTIAL", "PLACEMENT": "CENTER OF BUILDING", "SSL_ALIGNMENT": "ALIGNS WELL", "BUILDING": "Y", "SSL": "4494    0124", "SQUARE": "4494", "SUFFIX": null, "LOT": "0124", "MULTIPLE_LAND_SSL": null, "GRID_DIRECTION": "NORTH", "HOUSING_UNIT_COUNT": 2, "RESIDENTIAL_UNIT_COUNT": 2, "BEFORE_DATE": null, "BEFORE_DATE_SOURCE": null, "BEGIN_DATE": "1941-06-02T00:00:01Z", "BEGIN_DATE_SOURCE": "BUILDING PERMIT", "FIRST_KNOWN_DATE": null, "FIRST_KNOWN_DATE_SOURCE": null, "CREATED_DATE": "2005-05-12T00:00:00Z", "LAST_EDITED_DATE": null, "SE_ANNO_CAD_DATA": null, "SMD": "SMD 5D07", "ANC": "ANC 5D" }, "geometry": { "type": "Point", "coordinates": [ -76.976456, 38.90129623 ] } },
{ "type": "Feature", "properties": { "X": -8569814.197000001, "Y": 4705609.9205999998, "OBJECTID": 190600759, "MAR_ID": 63304, "ADDRESS": "1440 INDEPENDENCE AVENUE SE", "ADDRESS_NUMBER": 1440, "ADDRESS_NUMBER_SUFFIX": null, "STREET_NAME": "INDEPENDENCE", "STREET_TYPE": "AVENUE", "QUADRANT": "SE", "ZIPCODE": 20003, "CITY": "WASHINGTON", "STATE": "DC", "COUNTRY": "UNITED STATES", "X_COORDINATE": 401392.61, "Y_COORDINATE": 135548.18, "LATITUDE": 38.88777378, "LONGITUDE": -76.98394847, "ADDRESS_TYPE": "ADDRESS", "STATUS": "ACTIVE", "ROUTEID": "13047972", "BLOCKKEY": "c6be36dad783b0938f19ef24962677f0", "SUBBLOCKKEY": "c06618616820759da825de9ab0572d62", "WARD": "Ward 6", "METADATA_ID": 50379419, "NATIONAL_GRID": "18S UJ 27928 06194", "HAS_SSL": "Y", "HAS_PLACE_NAME": "N", "HAS_CONDO": "N", "HAS_RESIDENTIAL_UNIT": "N", "STREET_VIEW_URL": "http://maps.google.com/maps?z=16&layer=c&cbll=38.88777378,-76.98394847&cbp=11,353.013481435187,,0,2.09", "RESIDENTIAL_TYPE": "RESIDENTIAL", "PLACEMENT": "CENTER OF BUILDING", "SSL_ALIGNMENT": "ALIGNS WELL", "BUILDING": "Y", "SSL": "1059    0078", "SQUARE": "1059", "SUFFIX": null, "LOT": "0078", "MULTIPLE_LAND_SSL": null, "GRID_DIRECTION": "EAST", "HOUSING_UNIT_COUNT": 1, "RESIDENTIAL_UNIT_COUNT": 0, "BEFORE_DATE": null, "BEFORE_DATE_SOURCE": null, "BEGIN_DATE": "1913-12-02T00:00:01Z", "BEGIN_DATE_SOURCE": "BUILDING PERMIT", "FIRST_KNOWN_DATE": null, "FIRST_KNOWN_DATE_SOURCE": null, "CREATED_DATE": "2005-05-12T00:00:00Z", "LAST_EDITED_DATE": null, "SE_ANNO_CAD_DATA": null, "SMD": "SMD 6B06", "ANC": "ANC 6B" }, "geometry": { "type": "Point", "coordinates": [ -76.98394847, 38.88777378 ] } },
{ "type": "Feature", "properties": { "X": -8569182.2147000004, "Y": 4708295.1015, "OBJECTID": 190602423, "MAR_ID": 70411, "ADDRESS": "1232 18TH STREET NE", "ADDRESS_NUMBER": 1232, "ADDRESS_NUMBER_SUFFIX": null, "STREET_NAME": "18TH", "STREET_TYPE": "STREET", "QUADRANT": "NE", "ZIPCODE": 20002, "CITY": "WASHINGTON", "STATE": "DC", "COUNTRY": "UNITED STATES", "X_COORDINATE": 401884.66, "Y_COORDINATE": 137632.24, "LATITUDE": 38.90654683, "LONGITUDE": -76.97827128, "ADDRESS_TYPE": "ADDRESS", "STATUS": "ACTIVE", "ROUTEID": "12001802", "BLOCKKEY": "b9abd9a51f8ef0727cc13daadac4bcaf", "SUBBLOCKKEY": "51c68c522ec0f7f9bb1baa42876424b9", "WARD": "Ward 5", "METADATA_ID": 50381085, "NATIONAL_GRID": "18S UJ 28466 08266", "HAS_SSL": "Y", "HAS_PLACE_NAME": "N", "HAS_CONDO": "N", "HAS_RESIDENTIAL_UNIT": "Y", "STREET_VIEW_URL": "https://www.google.com/maps/@?api=1&map_action=pano&viewpoint=38.90655397216251%2C-76.97816113960877&heading=270&pitch=0&fov=80", "RESIDENTIAL_TYPE": "RESIDENTIAL", "PLACEMENT": "CENTER OF BUILDING", "SSL_ALIGNMENT": "ALIGNS WELL", "BUILDING": "Y", "SSL": "4445    0127", "SQUARE": "4445", "SUFFIX": null, "LOT": "0127", "MULTIPLE_LAND_SSL": null, "GRID_DIRECTION": "NORTH", "HOUSING_UNIT_COUNT": 4, "RESIDENTIAL_UNIT_COUNT": 4, "BEFORE_DATE": null, "BEFORE_DATE_SOURCE": null, "BEGIN_DATE": "1940-12-02T00:00:01Z", "BEGIN_DATE_SOURCE": "BUILDING PERMIT", "FIRST_KNOWN_DATE": null, "FIRST_KNOWN_DATE_SOURCE": null, "CREATED_DATE": "2025-09-26T19:07:06Z", "LAST_EDITED_DATE": "2025-09-26T19:07:06Z", "SE_ANNO_CAD_DATA": null, "SMD": "SMD 5D08", "ANC": "ANC 5D" }, "geometry": { "type": "Point", "coordinates": [ -76.97827128, 38.90654683 ] } },
{ "type": "Feature", "properties": { "X": -8577899.4421999995, "Y": 4715925.8491000002, "OBJECTID": 190609627, "MAR_ID": 302313, "ADDRESS": "5362 27TH STREET NW", "ADDRESS_NUMBER": 5362, "ADDRESS_NUMBER_SUFFIX": null, "STREET_NAME": "27TH", "STREET_TYPE": "STREET", "QUADRANT": "NW", "ZIPCODE": 20015, "CITY": "WASHINGTON", "STATE": "DC", "COUNTRY": "UNITED STATES", "X_COORDINATE": 395096.2, "Y_COORDINATE": 143552.76, "LATITUDE": 38.95986867, "LONGITUDE": -77.05657944, "ADDRESS_TYPE": "ADDRESS", "STATUS": "ACTIVE", "ROUTEID": "11002702", "BLOCKKEY": "465467bac31d3918b727dd525dd4a8f3", "SUBBLOCKKEY": "465467bac31d3918b727dd525dd4a8f3", "WARD": "Ward 4", "METADATA_ID": 50388300, "NATIONAL_GRID": "18S UJ 21806 14334", "HAS_SSL": "Y", "HAS_PLACE_NAME": "N", "HAS_CONDO": "N", "HAS_RESIDENTIAL_UNIT": "N", "STREET_VIEW_URL": "http://maps.google.com/maps?z=16&layer=c&cbll=38.95986764,-77.05661002&cbp=11,257.748999526643,,0,2.09", "RESIDENTIAL_TYPE": "RESIDENTIAL", "PLACEMENT": "CENTER OF BUILDING", "SSL_ALIGNMENT": "ALIGNS WELL", "BUILDING": "Y", "SSL": "2292    0027", "SQUARE": "2292", "SUFFIX": null, "LOT": "0027", "MULTIPLE_LAND_SSL": null, "GRID_DIRECTION": "NORTH", "HOUSING_UNIT_COUNT": 1, "RESIDENTIAL_UNIT_COUNT": 0, "BEFORE_DATE": null, "BEFORE_DATE_SOURCE": null, "BEGIN_DATE": "2005-01-01T00:00:00Z", "BEGIN_DATE_SOURCE": "OP HISTORIC BUILDING DATA", "FIRST_KNOWN_DATE": null, "FIRST_KNOWN_DATE_SOURCE": null, "CREATED_DATE": "2019-07-17T14:12:30Z", "LAST_EDITED_DATE": null, "SE_ANNO_CAD_DATA": null, "SMD": "SMD 3/4G03", "ANC": "ANC 3/4G" }, "geometry": { "type": "Point", "coordinates": [ -77.05657944, 38.95986867 ] } },
{ "type": "Feature", "properties": { "X": -8578103.0848999992, "Y": 4708797.5055, "OBJECTID": 190614135, "MAR_ID": 277084, "ADDRESS": "1528 29TH STREET NW", "ADDRESS_NUMBER": 1528, "ADDRESS_NUMBER_SUFFIX": null, "STREET_NAME": "29TH", "STREET_TYPE": "STREET", "QUADRANT": "NW", "ZIPCODE": 20007, "CITY": "WASHINGTON", "STATE": "DC", "COUNTRY": "UNITED STATES", "X_COORDINATE": 394934.11, "Y_COORDINATE": 138023.49, "LATITUDE": 38.91005843, "LONGITUDE": -77.0584088, "ADDRESS_TYPE": "ADDRESS", "STATUS": "ACTIVE", "ROUTEID": "11002902", "BLOCKKEY": "b93981175befb0a1d04af799628b674f", "SUBBLOCKKEY": "b93981175befb0a1d04af799628b674f", "WARD": "Ward 2", "METADATA_ID": 50392816, "NATIONAL_GRID": "18S UJ 21527 08808", "HAS_SSL": "Y", "HAS_PLACE_NAME": "N", "HAS_CONDO": "N", "HAS_RESIDENTIAL_UNIT": "N", "STREET_VIEW_URL": "http://maps.google.com/maps?z=16&layer=c&cbll=38.91005833,-77.05839438&cbp=11,252.494456370056,,0,2.09", "RESIDENTIAL_TYPE": "RESIDENTIAL", "PLACEMENT": "CENTER OF BUILDING", "SSL_ALIGNMENT": "ALIGNS WELL", "BUILDING": "Y", "SSL": "1268    0277", "SQUARE": "1268", "SUFFIX": null, "LOT": "0277", "MULTIPLE_LAND_SSL": null, "GRID_DIRECTION": "NORTH", "HOUSING_UNIT_COUNT": 1, "RESIDENTIAL_UNIT_COUNT": 0, "BEFORE_DATE": null, "BEFORE_DATE_SOURCE": null, "BEGIN_DATE": "1887-01-01T00:00:01Z", "BEGIN_DATE_SOURCE": "OP HISTORIC BUILDING DATA", "FIRST_KNOWN_DATE": null, "FIRST_KNOWN_DATE_SOURCE": null, "CREATED_DATE": "2024-12-23T14:52:57Z", "LAST_EDITED_DATE": null, "SE_ANNO_CAD_DATA": null, "SMD": "SMD 2E06", "ANC": "ANC 2E" }, "geometry": { "type": "Point", "coordinates": [ -77.0584088, 38.91005843 ] } },
{ "type": "Feature", "properties": { "X": -8578883.9178, "Y": 4712655.1419000002, "OBJECTID": 190615533, "MAR_ID": 220923, "ADDRESS": "3214 PORTER STREET NW", "ADDRESS_NUMBER": 3214, "ADDRESS_NUMBER_SUFFIX": null, "STREET_NAME": "PORTER", "STREET_TYPE": "STREET", "QUADRANT": "NW", "ZIPCODE": 20008, "CITY": "WASHINGTON", "STATE": "DC", "COUNTRY": "UNITED STATES", "X_COORDINATE": 394327.89, "Y_COORDINATE": 141016.7, "LATITUDE": 38.93701885, "LONGITUDE": -77.06542313, "ADDRESS_TYPE": "ADDRESS", "STATUS": "ACTIVE", "ROUTEID": "11071632", "BLOCKKEY": "3c6d65a295eb45f97a4c4cf71bec4f27", "SUBBLOCKKEY": "c6342969a94323c4badebc1825bff442", "WARD": "Ward 3", "METADATA_ID": 50394214, "NATIONAL_GRID": "18S UJ 20985 11816", "HAS_SSL": "Y", "HAS_PLACE_NAME": "N", "HAS_CONDO": "N", "HAS_RESIDENTIAL_UNIT": "N", "STREET_VIEW_URL": "http://maps.google.com/maps?z=16&layer=c&cbll=38.93701885,-77.06542313&cbp=11,209.965505755673,,0,2.09", "RESIDENTIAL_TYPE": "RESIDENTIAL", "PLACEMENT": "CENTER OF BUILDING", "SSL_ALIGNMENT": "ALIGNS WELL", "BUILDING": "Y", "SSL": "2067    0079", "SQUARE": "2067", "SUFFIX": null, "LOT": "0079", "MULTIPLE_LAND_SSL": null, "GRID_DIRECTION": "WEST", "HOUSING_UNIT_COUNT": 1, "RESIDENTIAL_UNIT_COUNT": 0, "BEFORE_DATE": null, "BEFORE_DATE_SOURCE": null, "BEGIN_DATE": "1926-07-06T00:00:01Z", "BEGIN_DATE_SOURCE": "BUILDING PERMIT", "FIRST_KNOWN_DATE": null, "FIRST_KNOWN_DATE_SOURCE": null, "CREATED_DATE": "2005-05-12T00:00:00Z", "LAST_EDITED_DATE": null, "SE_ANNO_CAD_DATA": null, "SMD": "SMD 3C05", "ANC": "ANC 3C" }, "geometry": { "type": "Point", "coordinates": [ -77.06542313, 38.93701885 ] } },
{ "type": "Feature", "properties": { "X": -8567924.1446000002, "Y": 4700603.7956999997, "OBJECTID": 190616657, "MAR_ID": 278256, "ADDRESS": "2730 KNOX TERRACE SE", "ADDRESS_NUMBER": 2730, "ADDRESS_NUMBER_SUFFIX": null, "STREET_NAME": "KNOX", "STREET_TYPE": "TERRACE", "QUADRANT": "SE", "ZIPCODE": 20020, "CITY": "WASHINGTON", "STATE": "DC", "COUNTRY": "UNITED STATES", "X_COORDINATE": 402867.06, "Y_COORDINATE": 131661.89, "LATITUDE": 38.8527606, "LONGITUDE": -76.96696985, "ADDRESS_TYPE": "ADDRESS", "STATUS": "ACTIVE", "ROUTEID": "13053362", "BLOCKKEY": "7552bfb0896412699a68b052d643f827", "SUBBLOCKKEY": "f929f1968e361e05e07a6d81063a6177", "WARD": "Ward 8", "METADATA_ID": 50395338, "NATIONAL_GRID": "18S UJ 29317 02274", "HAS_SSL": "Y", "HAS_PLACE_NAME": "N", "HAS_CONDO": "N", "HAS_RESIDENTIAL_UNIT": "N", "STREET_VIEW_URL": "http://maps.google.com/maps?z=16&layer=c&cbll=38.85274274,-76.96696548&cbp=11,103.873014577931,,0,2.09", "RESIDENTIAL_TYPE": "RESIDENTIAL", "PLACEMENT": "CENTER OF BUILDING", "SSL_ALIGNMENT": "ALIGNS WELL", "BUILDING": "Y", "SSL": "5727    0197", "SQUARE": "5727", "SUFFIX": null, "LOT": "0197", "MULTIPLE_LAND_SSL": null, "GRID_DIRECTION": "EAST", "HOUSING_UNIT_COUNT": 1, "RESIDENTIAL_UNIT_COUNT": 0, "BEFORE_DATE": null, "BEFORE_DATE_SOURCE": null, "BEGIN_DATE": "1999-01-01T00:00:00Z", "BEGIN_DATE_SOURCE": "OP HISTORIC BUILDING DATA", "FIRST_KNOWN_DATE": null, "FIRST_KNOWN_DATE_SOURCE": null, "CREATED_DATE": "2024-10-10T09:21:26Z", "LAST_EDITED_DATE": null, "SE_ANNO_CAD_DATA": null, "SMD": "SMD 8B02", "ANC": "ANC 8B" }, "geometry": { "type": "Point", "coordinates": [ -76.96696985, 38.8527606 ] } },
{ "type": "Feature", "properties": { "X": -8571456.0275, "Y": 4711225.8139000004, "OBJECTID": 190616800, "MAR_ID": 310359, "ADDRESS": "2871 CHANCELLOR'S WAY NE", "ADDRESS_NUMBER": 2871, "ADDRESS_NUMBER_SUFFIX": null, "STREET_NAME": "CHANCELLOR'S", "STREET_TYPE": "WAY", "QUADRANT": "NE", "ZIPCODE": 20017, "CITY": "WASHINGTON", "STATE": "DC", "COUNTRY": "UNITED STATES", "X_COORDINATE": 400112.96, "Y_COORDINATE": 139905.91, "LATITUDE": 38.92703082, "LONGITUDE": -76.99869728, "ADDRESS_TYPE": "ADDRESS", "STATUS": "ACTIVE", "ROUTEID": "12021862", "BLOCKKEY": "e0d4fd630d94660f4e9310a3f43fc18f", "SUBBLOCKKEY": "b9beac4f18f7503ce2d6afb6f53b4293", "WARD": "Ward 5", "METADATA_ID": 50395482, "NATIONAL_GRID": "18S UJ 26744 10578", "HAS_SSL": "Y", "HAS_PLACE_NAME": "N", "HAS_CONDO": "N", "HAS_RESIDENTIAL_UNIT": "N", "STREET_VIEW_URL": "https://www.google.com/maps/@?api=1&map_action=pano&viewpoint=38.92699009927293%2C-76.99869934305502&heading=359&pitch=0&fov=80", "RESIDENTIAL_TYPE": "RESIDENTIAL", "PLACEMENT": "CENTER OF BUILDING", "SSL_ALIGNMENT": "ALIGNS WELL", "BUILDING": "Y", "SSL": "3648    0919", "SQUARE": "3648", "SUFFIX": null, "LOT": "0919", "MULTIPLE_LAND_SSL": null, "GRID_DIRECTION": "NORTH", "HOUSING_UNIT_COUNT": 1, "RESIDENTIAL_UNIT_COUNT": 0, "BEFORE_DATE": null, "BEFORE_DATE_SOURCE": null, "BEGIN_DATE": "2013-01-01T00:00:00Z", "BEGIN_DATE_SOURCE": "OP HISTORIC BUILDING DATA", "FIRST_KNOWN_DATE": null, "FIRST_KNOWN_DATE_SOURCE": null, "CREATED_DATE": "2025-09-26T19:06:46Z", "LAST_EDITED_DATE": "2025-09-26T19:06:46Z", "SE_ANNO_CAD_DATA": null, "SMD": "SMD 5F01", "ANC": "ANC 5F" }, "geometry": { "type": "Point", "coordinates": [ -76.99869728, 38.92703082 ] } },
{ "type": "Feature", "properties": { "X": -8570546.6553000007, "Y": 4704447.3693000004, "OBJECTID": 190617220, "MAR_ID": 78890, "ADDRESS": "751 12TH STREET SE", "ADDRESS_NUMBER": 751, "ADDRESS_NUMBER_SUFFIX": null, "STREET_NAME": "12TH", "STREET_TYPE": "STREET", "QUADRANT": "SE", "ZIPCODE": 20003, "CITY": "WASHINGTON", "STATE": "DC", "COUNTRY": "UNITED STATES", "X_COORDINATE": 400821.85, "Y_COORDINATE": 134645.68, "LATITUDE": 38.8796441, "LONGITUDE": -76.99052826, "ADDRESS_TYPE": "ADDRESS", "STATUS": "ACTIVE", "ROUTEID": "13001202", "BLOCKKEY": "95a12e69c4db8df395509ae338860bed", "SUBBLOCKKEY": "3d83299d4f000fcc68bd0569bc3ece9d", "WARD": "Ward 6", "METADATA_ID": 50395904, "NATIONAL_GRID": "18S UJ 27336 05304", "HAS_SSL": "Y", "HAS_PLACE_NAME": "N", "HAS_CONDO": "N", "HAS_RESIDENTIAL_UNIT": "N", "STREET_VIEW_URL": "http://maps.google.com/maps?z=16&layer=c&cbll=38.87964633,-76.99054105&cbp=11,262.201627804911,,0,2.09", "RESIDENTIAL_TYPE": "RESIDENTIAL", "PLACEMENT": "CENTER OF BUILDING", "SSL_ALIGNMENT": "ALIGNS WELL", "BUILDING": "Y", "SSL": "0995    0075", "SQUARE": "0995", "SUFFIX": null, "LOT": "0075", "MULTIPLE_LAND_SSL": null, "GRID_DIRECTION": "SOUTH", "HOUSING_UNIT_COUNT": 1, "RESIDENTIAL_UNIT_COUNT": 0, "BEFORE_DATE": null, "BEFORE_DATE_SOURCE": null, "BEGIN_DATE": "1916-04-17T00:00:01Z", "BEGIN_DATE_SOURCE": "BUILDING PERMIT", "FIRST_KNOWN_DATE": null, "FIRST_KNOWN_DATE_SOURCE": null, "CREATED_DATE": "2024-05-14T10:16:32Z", "LAST_EDITED_DATE": null, "SE_ANNO_CAD_DATA": null, "SMD": "SMD 6B08", "ANC": "ANC 6B" }, "geometry": { "type": "Point", "coordinates": [ -76.99052826, 38.8796441 ] } },
{ "type": "Feature", "properties": { "X": -8569530.9559000004, "Y": 4705854.4337, "OBJECTID": 190617499, "MAR_ID": 59305, "ADDRESS": "1621 EAST CAPITOL STREET SE", "ADDRESS_NUMBER": 1621, "ADDRESS_NUMBER_SUFFIX": null, "STREET_NAME": "EAST CAPITOL", "STREET_TYPE": "STREET", "QUADRANT": "SE", "ZIPCODE": 20003, "CITY": "WASHINGTON", "STATE": "DC", "COUNTRY": "UNITED STATES", "X_COORDINATE": 401613.32, "Y_COORDINATE": 135738.01, "LATITUDE": 38.88948346, "LONGITUDE": -76.98140408, "ADDRESS_TYPE": "ADDRESS", "STATUS": "ACTIVE", "ROUTEID": "15031912", "BLOCKKEY": "a1cf69294cc4505ff9dada45aae2cc79", "SUBBLOCKKEY": "2fce889c0991e97e485a7284ebaec8bd", "WARD": "Ward 7", "METADATA_ID": 50396183, "NATIONAL_GRID": "18S UJ 28153 06378", "HAS_SSL": "Y", "HAS_PLACE_NAME": "Y", "HAS_CONDO": "Y", "HAS_RESIDENTIAL_UNIT": "Y", "STREET_VIEW_URL": "http://maps.google.com/maps?z=16&layer=c&cbll=38.88948346,-76.98140408&cbp=11,190.050909094721,,0,2.09", "RESIDENTIAL_TYPE": "RESIDENTIAL", "PLACEMENT": "CENTER OF BUILDING", "SSL_ALIGNMENT": "ALIGNS WELL", "BUILDING": "Y", "SSL": "1085    0007", "SQUARE": "1085", "SUFFIX": null, "LOT": "0007", "MULTIPLE_LAND_SSL": null, "GRID_DIRECTION": "EAST", "HOUSING_UNIT_COUNT": 9, "RESIDENTIAL_UNIT_COUNT": 9, "BEFORE_DATE": null, "BEFORE_DATE_SOURCE": null, "BEGIN_DATE": "1953-02-19T00:00:01Z", "BEGIN_DATE_SOURCE": "BUILDING PERMIT", "FIRST_KNOWN_DATE": null, "FIRST_KNOWN_DATE_SOURCE": null, "CREATED_DATE": "2005-05-12T00:00:00Z", "LAST_EDITED_DATE": null, "SE_ANNO_CAD_DATA": null, "SMD": "SMD 7D09", "ANC": "ANC 7D" }, "geometry": { "type": "Point", "coordinates": [ -76.98140408, 38.88948346 ] } },
{ "type": "Feature", "properties": { "X": -8572406.7073999997, "Y": 4705062.1974999998, "OBJECTID": 190618242, "MAR_ID": 24069, "ADDRESS": "429 NEW JERSEY AVENUE SE", "ADDRESS_NUMBER": 429, "ADDRESS_NUMBER_SUFFIX": null, "STREET_NAME": "NEW JERSEY", "STREET_TYPE": "AVENUE", "QUADRANT": "SE", "ZIPCODE": 20003, "CITY": "WASHINGTON", "STATE": "DC", "COUNTRY": "UNITED STATES", "X_COORDINATE": 399372.06, "Y_COORDINATE": 135122.93, "LATITUDE": 38.88394385, "LONGITUDE": -77.00723738000001, "ADDRESS_TYPE": "ADDRESS", "STATUS": "ACTIVE", "ROUTEID": "13064282", "BLOCKKEY": "653bfb7be0ec3c28cad1658c92260bc6", "SUBBLOCKKEY": "653bfb7be0ec3c28cad1658c92260bc6", "WARD": "Ward 6", "METADATA_ID": 50396926, "NATIONAL_GRID": "18S UJ 25899 05813", "HAS_SSL": "Y", "HAS_PLACE_NAME": "N", "HAS_CONDO": "N", "HAS_RESIDENTIAL_UNIT": "Y", "STREET_VIEW_URL": "http://maps.google.com/maps?z=16&layer=c&cbll=38.88394385,-77.00723738&cbp=11,179.560957608429,,0,2.09", "RESIDENTIAL_TYPE": "RESIDENTIAL", "PLACEMENT": "CENTER OF BUILDING", "SSL_ALIGNMENT": "ALIGNS WELL", "BUILDING": "Y", "SSL": "0693    0046", "SQUARE": "0693", "SUFFIX": null, "LOT": "0046", "MULTIPLE_LAND_SSL": null, "GRID_DIRECTION": "SOUTH", "HOUSING_UNIT_COUNT": 2, "RESIDENTIAL_UNIT_COUNT": 1, "BEFORE_DATE": null, "BEFORE_DATE_SOURCE": null, "BEGIN_DATE": "1889-09-20T00:00:01Z", "BEGIN_DATE_SOURCE": "BUILDING PERMIT", "FIRST_KNOWN_DATE": null, "FIRST_KNOWN_DATE_SOURCE": null, "CREATED_DATE": "2005-05-12T00:00:00Z", "LAST_EDITED_DATE": "2006-01-18T16:42:15Z", "SE_ANNO_CAD_DATA": null, "SMD": "SMD 6B01", "ANC": "ANC 6B" }, "geometry": { "type": "Point", "coordinates": [ -77.00723738, 38.88394385 ] } },
{ "type": "Feature", "properties": { "X": -8570517.5966999996, "Y": 4707951.689, "OBJECTID": 190619600, "MAR_ID": 72591, "ADDRESS": "1164 MORSE STREET NE", "ADDRESS_NUMBER": 1164, "ADDRESS_NUMBER_SUFFIX": null, "STREET_NAME": "MORSE", "STREET_TYPE": "STREET", "QUADRANT": "NE", "ZIPCODE": 20002, "CITY": "WASHINGTON", "STATE": "DC", "COUNTRY": "UNITED STATES", "X_COORDINATE": 400844.21, "Y_COORDINATE": 137365.57, "LATITUDE": 38.90414619, "LONGITUDE": -76.99026722000001, "ADDRESS_TYPE": "ADDRESS", "STATUS": "ACTIVE", "ROUTEID": "12062202", "BLOCKKEY": "fccd5523ff7057204ffad2f3f31497d4", "SUBBLOCKKEY": "2fad0b09d00b3846abb06c3c1a2125e0", "WARD": "Ward 5", "METADATA_ID": 50398285, "NATIONAL_GRID": "18S UJ 27420 08023", "HAS_SSL": "Y", "HAS_PLACE_NAME": "N", "HAS_CONDO": "N", "HAS_RESIDENTIAL_UNIT": "N", "STREET_VIEW_URL": "http://maps.google.com/maps?z=16&layer=c&cbll=38.90414619,-76.99026722&cbp=11,30.3531018437891,,0,2.09", "RESIDENTIAL_TYPE": "RESIDENTIAL", "PLACEMENT": "CENTER OF BUILDING", "SSL_ALIGNMENT": "ALIGNS WELL", "BUILDING": "Y", "SSL": "4065    0115", "SQUARE": "4065", "SUFFIX": null, "LOT": "0115", "MULTIPLE_LAND_SSL": null, "GRID_DIRECTION": "EAST", "HOUSING_UNIT_COUNT": 1, "RESIDENTIAL_UNIT_COUNT": 0, "BEFORE_DATE": null, "BEFORE_DATE_SOURCE": null, "BEGIN_DATE": "1927-06-03T00:00:01Z", "BEGIN_DATE_SOURCE": "BUILDING PERMIT", "FIRST_KNOWN_DATE": null, "FIRST_KNOWN_DATE_SOURCE": null, "CREATED_DATE": "2005-05-12T00:00:00Z", "LAST_EDITED_DATE": null, "SE_ANNO_CAD_DATA": null, "SMD": "SMD 5D03", "ANC": "ANC 5D" }, "geometry": { "type": "Point", "coordinates": [ -76.99026722, 38.90414619 ] } },
{ "type": "Feature", "properties": { "X": -8572145.3674, "Y": 4704808.0307999998, "OBJECTID": 190620714, "MAR_ID": 69014, "ADDRESS": "128 F STREET SE", "ADDRESS_NUMBER": 128, "ADDRESS_NUMBER_SUFFIX": null, "STREET_NAME": "F", "STREET_TYPE": "STREET", "QUADRANT": "SE", "ZIPCODE": 20003, "CITY": "WASHINGTON", "STATE": "DC", "COUNTRY": "UNITED STATES", "X_COORDINATE": 399575.74, "Y_COORDINATE": 134925.62, "LATITUDE": 38.88216652, "LONGITUDE": -77.00488973, "ADDRESS_TYPE": "ADDRESS", "STATUS": "ACTIVE", "ROUTEID": "13034382", "BLOCKKEY": "ead817f5a02ca74fe645790d56a4b4c4", "SUBBLOCKKEY": "ead817f5a02ca74fe645790d56a4b4c4", "WARD": "Ward 6", "METADATA_ID": 50399402, "NATIONAL_GRID": "18S UJ 26098 05611", "HAS_SSL": "Y", "HAS_PLACE_NAME": "N", "HAS_CONDO": "N", "HAS_RESIDENTIAL_UNIT": "N", "STREET_VIEW_URL": "http://maps.google.com/maps?z=16&layer=c&cbll=38.88216652,-77.00488973&cbp=11,1.78547486173575,,0,2.09", "RESIDENTIAL_TYPE": "RESIDENTIAL", "PLACEMENT": "CENTER OF BUILDING", "SSL_ALIGNMENT": "ALIGNS WELL", "BUILDING": "Y", "SSL": "0736    0018", "SQUARE": "0736", "SUFFIX": null, "LOT": "0018", "MULTIPLE_LAND_SSL": null, "GRID_DIRECTION": "EAST", "HOUSING_UNIT_COUNT": 1, "RESIDENTIAL_UNIT_COUNT": 0, "BEFORE_DATE": null, "BEFORE_DATE_SOURCE": null, "BEGIN_DATE": "1898-03-14T00:00:01Z", "BEGIN_DATE_SOURCE": "BUILDING PERMIT", "FIRST_KNOWN_DATE": null, "FIRST_KNOWN_DATE_SOURCE": null, "CREATED_DATE": "2005-05-12T00:00:00Z", "LAST_EDITED_DATE": null, "SE_ANNO_CAD_DATA": null, "SMD": "SMD 6B01", "ANC": "ANC 6B" }, "geometry": { "type": "Point", "coordinates": [ -77.00488973, 38.88216652 ] } },
{ "type": "Feature", "properties": { "X": -8571073.9835000001, "Y": 4715917.4913999997, "OBJECTID": 190621437, "MAR_ID": 6302, "ADDRESS": "5826 EASTERN AVENUE NE", "ADDRESS_NUMBER": 5826, "ADDRESS_NUMBER_SUFFIX": null, "STREET_NAME": "EASTERN", "STREET_TYPE": "AVENUE", "QUADRANT": "NE", "ZIPCODE": 20011, "CITY": "WASHINGTON", "STATE": "DC", "COUNTRY": "UNITED STATES", "X_COORDINATE": 400410.36, "Y_COORDINATE": 143544.77, "LATITUDE": 38.95981062, "LONGITUDE": -76.99526532, "ADDRESS_TYPE": "ADDRESS", "STATUS": "ACTIVE", "ROUTEID": "12031982", "BLOCKKEY": "a3e04aa84fc65fb902733ed477b0db01", "SUBBLOCKKEY": "58b3ffddbac8fa42a34d1bf067a84e6e", "WARD": "Ward 4", "METADATA_ID": 50400125, "NATIONAL_GRID": "18S UJ 27121 14210", "HAS_SSL": "Y", "HAS_PLACE_NAME": "N", "HAS_CONDO": "N", "HAS_RESIDENTIAL_UNIT": "N", "STREET_VIEW_URL": "http://maps.google.com/maps?z=16&layer=c&cbll=38.95981062,-76.99526532&cbp=11,234.158108488776,,0,2.09", "RESIDENTIAL_TYPE": "RESIDENTIAL", "PLACEMENT": "CENTER OF BUILDING", "SSL_ALIGNMENT": "ALIGNS WELL", "BUILDING": "Y", "SSL": "3735    0064", "SQUARE": "3735", "SUFFIX": null, "LOT": "0064", "MULTIPLE_LAND_SSL": null, "GRID_DIRECTION": "NORTH", "HOUSING_UNIT_COUNT": 1, "RESIDENTIAL_UNIT_COUNT": 0, "BEFORE_DATE": null, "BEFORE_DATE_SOURCE": null, "BEGIN_DATE": "1952-02-07T00:00:01Z", "BEGIN_DATE_SOURCE": "BUILDING PERMIT", "FIRST_KNOWN_DATE": null, "FIRST_KNOWN_DATE_SOURCE": null, "CREATED_DATE": "2005-05-12T00:00:00Z", "LAST_EDITED_DATE": null, "SE_ANNO_CAD_DATA": null, "SMD": "SMD 4B09", "ANC": "ANC 4B" }, "geometry": { "type": "Point", "coordinates": [ -76.99526532, 38.95981062 ] } },
{ "type": "Feature", "properties": { "X": -8564530.591, "Y": 4705936.1388999997, "OBJECTID": 190625279, "MAR_ID": 311589, "ADDRESS": "4605 CENTRAL AVENUE NE", "ADDRESS_NUMBER": 4605, "ADDRESS_NUMBER_SUFFIX": null, "STREET_NAME": "CENTRAL", "STREET_TYPE": "AVENUE", "QUADRANT": "NE", "ZIPCODE": 20019, "CITY": "WASHINGTON", "STATE": "DC", "COUNTRY": "UNITED STATES", "X_COORDINATE": 405510.3, "Y_COORDINATE": 135803.18, "LATITUDE": 38.89005475, "LONGITUDE": -76.93648505, "ADDRESS_TYPE": "ADDRESS", "STATUS": "ASSIGNED", "ROUTEID": "12021582", "BLOCKKEY": "afc9aebb2eb6e02b7e7046263b7f79b3", "SUBBLOCKKEY": "01202bbb9aacddae5fa02793a22c19b3", "WARD": "Ward 7", "METADATA_ID": 50403969, "NATIONAL_GRID": "18S UJ 32050 06358", "HAS_SSL": "Y", "HAS_PLACE_NAME": "N", "HAS_CONDO": "N", "HAS_RESIDENTIAL_UNIT": "N", "STREET_VIEW_URL": "https://www.google.com/maps/@?api=1&map_action=pano&viewpoint=38.890117570741864%2C-76.93649425973746&heading=174&pitch=0&fov=80", "RESIDENTIAL_TYPE": "RESIDENTIAL", "PLACEMENT": "CENTER OF PROPERTY", "SSL_ALIGNMENT": "ALIGNS WELL", "BUILDING": "N", "SSL": "5138    0819", "SQUARE": "5138", "SUFFIX": null, "LOT": "0819", "MULTIPLE_LAND_SSL": null, "GRID_DIRECTION": "NORTH", "HOUSING_UNIT_COUNT": 0, "RESIDENTIAL_UNIT_COUNT": 0, "BEFORE_DATE": null, "BEFORE_DATE_SOURCE": null, "BEGIN_DATE": null, "BEGIN_DATE_SOURCE": null, "FIRST_KNOWN_DATE": null, "FIRST_KNOWN_DATE_SOURCE": null, "CREATED_DATE": "2025-09-26T19:07:13Z", "LAST_EDITED_DATE": "2025-09-26T19:07:13Z", "SE_ANNO_CAD_DATA": null, "SMD": "SMD 7F04", "ANC": "ANC 7F" }, "geometry": { "type": "Point", "coordinates": [ -76.93648505, 38.89005475 ] } },
{ "type": "Feature", "properties": { "X": -8574331.6438999996, "Y": 4707420.6201999998, "OBJECTID": 190627327, "MAR_ID": 312322, "ADDRESS": "933 PALMER ALLEY NW", "ADDRESS_NUMBER": 933, "ADDRESS_NUMBER_SUFFIX": null, "STREET_NAME": "PALMER", "STREET_TYPE": "ALLEY", "QUADRANT": "NW", "ZIPCODE": 20001, "CITY": "WASHINGTON", "STATE": "DC", "COUNTRY": "UNITED STATES", "X_COORDINATE": 397872.24, "Y_COORDINATE": 136953.68, "LATITUDE": 38.90043357, "LONGITUDE": -77.02452938, "ADDRESS_TYPE": "ADDRESS", "STATUS": "ACTIVE", "ROUTEID": "71068512", "BLOCKKEY": null, "SUBBLOCKKEY": "e1908e37047cc8a645af630817845d90", "WARD": "Ward 2", "METADATA_ID": 50406018, "NATIONAL_GRID": "18S UJ 24439 07676", "HAS_SSL": "Y", "HAS_PLACE_NAME": "N", "HAS_CONDO": "N", "HAS_RESIDENTIAL_UNIT": "N", "STREET_VIEW_URL": "https://www.google.com/maps/@?api=1&map_action=pano&viewpoint=38.900395284480076%2C-77.02453205178773&heading=0&pitch=0&fov=80", "RESIDENTIAL_TYPE": "NON RESIDENTIAL", "PLACEMENT": "MAIN ENTRANCE", "SSL_ALIGNMENT": "ALIGNS WELL", "BUILDING": "Y", "SSL": "0374    0901", "SQUARE": "0374", "SUFFIX": null, "LOT": "0901", "MULTIPLE_LAND_SSL": null, "GRID_DIRECTION": "WEST", "HOUSING_UNIT_COUNT": 0, "RESIDENTIAL_UNIT_COUNT": 0, "BEFORE_DATE": null, "BEFORE_DATE_SOURCE": null, "BEGIN_DATE": "2013-01-01T00:00:00Z", "BEGIN_DATE_SOURCE": "OP HISTORIC BUILDING DATA", "FIRST_KNOWN_DATE": null, "FIRST_KNOWN_DATE_SOURCE": null, "CREATED_DATE": "2025-09-26T19:06:48Z", "LAST_EDITED_DATE": "2025-09-26T19:06:48Z", "SE_ANNO_CAD_DATA": null, "SMD": "SMD 2C04", "ANC": "ANC 2C" }, "geometry": { "type": "Point", "coordinates": [ -77.02452938, 38.90043357 ] } },
{ "type": "Feature", "properties": { "X": -8577235.5201999992, "Y": 4706636.9722999996, "OBJECTID": 190627496, "MAR_ID": 312916, "ADDRESS": "2306 MAURY CIRCLE NW", "ADDRESS_NUMBER": 2306, "ADDRESS_NUMBER_SUFFIX": null, "STREET_NAME": "MAURY", "STREET_TYPE": "CIRCLE", "QUADRANT": "NW", "ZIPCODE": 20037, "CITY": "WASHINGTON", "STATE": "DC", "COUNTRY": "UNITED STATES", "X_COORDINATE": 395609.12, "Y_COORDINATE": 136346.43, "LATITUDE": 38.89495452, "LONGITUDE": -77.05061533, "ADDRESS_TYPE": "ADDRESS", "STATUS": "ACTIVE", "ROUTEID": null, "BLOCKKEY": null, "SUBBLOCKKEY": null, "WARD": "Ward 2", "METADATA_ID": 50406187, "NATIONAL_GRID": "18S UJ 22163 07118", "HAS_SSL": "Y", "HAS_PLACE_NAME": "Y", "HAS_CONDO": "N", "HAS_RESIDENTIAL_UNIT": "N", "STREET_VIEW_URL": null, "RESIDENTIAL_TYPE": "RESIDENTIAL", "PLACEMENT": "CENTER OF BUILDING", "SSL_ALIGNMENT": "ALIGNS WELL", "BUILDING": "Y", "SSL": "0034    0803", "SQUARE": "0034", "SUFFIX": null, "LOT": "0803", "MULTIPLE_LAND_SSL": null, "GRID_DIRECTION": "WEST", "HOUSING_UNIT_COUNT": 1, "RESIDENTIAL_UNIT_COUNT": 0, "BEFORE_DATE": null, "BEFORE_DATE_SOURCE": null, "BEGIN_DATE": "2011-01-01T00:00:00Z", "BEGIN_DATE_SOURCE": "OP HISTORIC BUILDING DATA", "FIRST_KNOWN_DATE": null, "FIRST_KNOWN_DATE_SOURCE": null, "CREATED_DATE": "2015-06-06T16:10:48Z", "LAST_EDITED_DATE": null, "SE_ANNO_CAD_DATA": null, "SMD": "SMD 2A04", "ANC": "ANC 2A" }, "geometry": { "type": "Point", "coordinates": [ -77.05061533, 38.89495452 ] } },
{ "type": "Feature", "properties": { "X": -8581683.391000001, "Y": 4710653.6453, "OBJECTID": 190627829, "MAR_ID": 312576, "ADDRESS": "4509 FOXHALL CRESCENT NW", "ADDRESS_NUMBER": 4509, "ADDRESS_NUMBER_SUFFIX": null, "STREET_NAME": "FOXHALL", "STREET_TYPE": "CRESCENT", "QUADRANT": "NW", "ZIPCODE": 20007, "CITY": "WASHINGTON", "STATE": "DC", "COUNTRY": "UNITED STATES", "X_COORDINATE": 392146.04, "Y_COORDINATE": 139465.92, "LATITUDE": 38.92303182, "LONGITUDE": -77.09057122, "ADDRESS_TYPE": "ADDRESS", "STATUS": "ACTIVE", "ROUTEID": "11037852A", "BLOCKKEY": "07546d071d3a8da3ba7b177043c995fe", "SUBBLOCKKEY": "07546d071d3a8da3ba7b177043c995fe", "WARD": "Ward 3", "METADATA_ID": 50406520, "NATIONAL_GRID": "18S UJ 18765 10311", "HAS_SSL": "Y", "HAS_PLACE_NAME": "N", "HAS_CONDO": "N", "HAS_RESIDENTIAL_UNIT": "N", "STREET_VIEW_URL": null, "RESIDENTIAL_TYPE": "RESIDENTIAL", "PLACEMENT": "CENTER OF PROPERTY", "SSL_ALIGNMENT": "ALIGNS WELL", "BUILDING": "Y", "SSL": "1397    0960", "SQUARE": "1397", "SUFFIX": null, "LOT": "0960", "MULTIPLE_LAND_SSL": null, "GRID_DIRECTION": "WEST", "HOUSING_UNIT_COUNT": 1, "RESIDENTIAL_UNIT_COUNT": 0, "BEFORE_DATE": null, "BEFORE_DATE_SOURCE": null, "BEGIN_DATE": "2015-02-05T00:00:00Z", "BEGIN_DATE_SOURCE": "DOB ADDRESS ASSIGNMENT", "FIRST_KNOWN_DATE": null, "FIRST_KNOWN_DATE_SOURCE": null, "CREATED_DATE": "2024-03-12T18:00:29Z", "LAST_EDITED_DATE": null, "SE_ANNO_CAD_DATA": null, "SMD": "SMD 3D07", "ANC": "ANC 3D" }, "geometry": { "type": "Point", "coordinates": [ -77.09057122, 38.92303182 ] } },
{ "type": "Feature", "properties": { "X": -8571878.9476999994, "Y": 4704103.1323999995, "OBJECTID": 190628292, "MAR_ID": 313921, "ADDRESS": "1100 2ND PLACE SE", "ADDRESS_NUMBER": 1100, "ADDRESS_NUMBER_SUFFIX": null, "STREET_NAME": "2ND", "STREET_TYPE": "PLACE", "QUADRANT": "SE", "ZIPCODE": 20003, "CITY": "WASHINGTON", "STATE": "DC", "COUNTRY": "UNITED STATES", "X_COORDINATE": 399783.38, "Y_COORDINATE": 134378.41, "LATITUDE": 38.87723678, "LONGITUDE": -77.00249644, "ADDRESS_TYPE": "ADDRESS", "STATUS": "ACTIVE", "ROUTEID": "13000232", "BLOCKKEY": "b5433ff4322d4e809c6268baa3b2b42d", "SUBBLOCKKEY": "b5433ff4322d4e809c6268baa3b2b42d", "WARD": "Ward 8", "METADATA_ID": 50406983, "NATIONAL_GRID": "18S UJ 26292 05055", "HAS_SSL": "Y", "HAS_PLACE_NAME": "Y", "HAS_CONDO": "N", "HAS_RESIDENTIAL_UNIT": "Y", "STREET_VIEW_URL": "https://www.google.com/maps/@?api=1&map_action=pano&viewpoint=38.877390852268945%2C-77.00249830272966&heading=180&pitch=0&fov=80", "RESIDENTIAL_TYPE": "RESIDENTIAL", "PLACEMENT": "CENTER OF BUILDING", "SSL_ALIGNMENT": "ALIGNS WELL", "BUILDING": "Y", "SSL": "0769    0022", "SQUARE": "0769", "SUFFIX": null, "LOT": "0022", "MULTIPLE_LAND_SSL": null, "GRID_DIRECTION": "SOUTH", "HOUSING_UNIT_COUNT": 179, "RESIDENTIAL_UNIT_COUNT": 179, "BEFORE_DATE": null, "BEFORE_DATE_SOURCE": null, "BEGIN_DATE": "2017-09-01T00:00:00Z", "BEGIN_DATE_SOURCE": "IMAGERY", "FIRST_KNOWN_DATE": null, "FIRST_KNOWN_DATE_SOURCE": null, "CREATED_DATE": "2025-09-26T19:07:15Z", "LAST_EDITED_DATE": "2025-09-26T19:07:15Z", "SE_ANNO_CAD_DATA": null, "SMD": "SMD 8F03", "ANC": "ANC 8F" }, "geometry": { "type": "Point", "coordinates": [ -77.00249644, 38.87723678 ] } },
{ "type": "Feature", "properties": { "X": -8579177.0605999995, "Y": 4708830.8970999997, "OBJECTID": 190628514, "MAR_ID": 272766, "ADDRESS": "1556 34TH STREET NW", "ADDRESS_NUMBER": 1556, "ADDRESS_NUMBER_SUFFIX": null, "STREET_NAME": "34TH", "STREET_TYPE": "STREET", "QUADRANT": "NW", "ZIPCODE": 20007, "CITY": "WASHINGTON", "STATE": "DC", "COUNTRY": "UNITED STATES", "X_COORDINATE": 394097.37, "Y_COORDINATE": 138049.98, "LATITUDE": 38.91029218, "LONGITUDE": -77.06805648, "ADDRESS_TYPE": "ADDRESS", "STATUS": "ACTIVE", "ROUTEID": "11003402", "BLOCKKEY": "2ca4218d364848c04e23df9263e2111f", "SUBBLOCKKEY": "f9ed2edbbbf24f79c1042cc5d3d4fb5e", "WARD": "Ward 2", "METADATA_ID": 50407205, "NATIONAL_GRID": "18S UJ 20689 08855", "HAS_SSL": "Y", "HAS_PLACE_NAME": "N", "HAS_CONDO": "N", "HAS_RESIDENTIAL_UNIT": "N", "STREET_VIEW_URL": "http://maps.google.com/maps?z=16&layer=c&cbll=38.91029218,-77.06805648&cbp=11,272.438709895072,,0,2.09", "RESIDENTIAL_TYPE": "RESIDENTIAL", "PLACEMENT": "CENTER OF BUILDING", "SSL_ALIGNMENT": "ALIGNS WELL", "BUILDING": "Y", "SSL": "1274    0201", "SQUARE": "1274", "SUFFIX": null, "LOT": "0201", "MULTIPLE_LAND_SSL": null, "GRID_DIRECTION": "NORTH", "HOUSING_UNIT_COUNT": 1, "RESIDENTIAL_UNIT_COUNT": 0, "BEFORE_DATE": null, "BEFORE_DATE_SOURCE": null, "BEGIN_DATE": "1936-05-14T00:00:01Z", "BEGIN_DATE_SOURCE": "BUILDING PERMIT", "FIRST_KNOWN_DATE": null, "FIRST_KNOWN_DATE_SOURCE": null, "CREATED_DATE": "2005-05-12T00:00:00Z", "LAST_EDITED_DATE": null, "SE_ANNO_CAD_DATA": null, "SMD": "SMD 2E02", "ANC": "ANC 2E" }, "geometry": { "type": "Point", "coordinates": [ -77.06805648, 38.91029218 ] } },
{ "type": "Feature", "properties": { "X": -8562819.6599000003, "Y": 4706472.5801999997, "OBJECTID": 190629270, "MAR_ID": 315724, "ADDRESS": "322 56TH STREET NE", "ADDRESS_NUMBER": 322, "ADDRESS_NUMBER_SUFFIX": null, "STREET_NAME": "56TH", "STREET_TYPE": "STREET", "QUADRANT": "NE", "ZIPCODE": 20019, "CITY": "WASHINGTON", "STATE": "DC", "COUNTRY": "UNITED STATES", "X_COORDINATE": 406843.34, "Y_COORDINATE": 136220.58, "LATITUDE": 38.89380514, "LONGITUDE": -76.9211155, "ADDRESS_TYPE": "ADDRESS", "STATUS": "ACTIVE", "ROUTEID": "12005602", "BLOCKKEY": "b1ff00c61ac88196f72612b9df619e2c", "SUBBLOCKKEY": "b1ff00c61ac88196f72612b9df619e2c", "WARD": "Ward 7", "METADATA_ID": 50407963, "NATIONAL_GRID": "18S UJ 33394 06746", "HAS_SSL": "Y", "HAS_PLACE_NAME": "N", "HAS_CONDO": "N", "HAS_RESIDENTIAL_UNIT": "N", "STREET_VIEW_URL": "https://www.google.com/maps/@?api=1&map_action=pano&viewpoint=38.89379104396379%2C-76.92101496811368&heading=285&pitch=0&fov=80", "RESIDENTIAL_TYPE": "RESIDENTIAL", "PLACEMENT": "CENTER OF PROPERTY", "SSL_ALIGNMENT": "ALIGNS WELL", "BUILDING": "Y", "SSL": "5250    0091", "SQUARE": "5250", "SUFFIX": null, "LOT": "0091", "MULTIPLE_LAND_SSL": null, "GRID_DIRECTION": "NORTH", "HOUSING_UNIT_COUNT": 1, "RESIDENTIAL_UNIT_COUNT": 0, "BEFORE_DATE": null, "BEFORE_DATE_SOURCE": null, "BEGIN_DATE": "2017-02-16T00:00:00Z", "BEGIN_DATE_SOURCE": "DOB ADDRESS ASSIGNMENT", "FIRST_KNOWN_DATE": null, "FIRST_KNOWN_DATE_SOURCE": null, "CREATED_DATE": "2025-09-26T19:06:56Z", "LAST_EDITED_DATE": "2025-09-26T19:06:56Z", "SE_ANNO_CAD_DATA": null, "SMD": "SMD 7C02", "ANC": "ANC 7C" }, "geometry": { "type": "Point", "coordinates": [ -76.9211155, 38.89380514 ] } },
{ "type": "Feature", "properties": { "X": -8576347.721000001, "Y": 4708205.3723, "OBJECTID": 190629893, "MAR_ID": 241270, "ADDRESS": "1821 M STREET NW", "ADDRESS_NUMBER": 1821, "ADDRESS_NUMBER_SUFFIX": null, "STREET_NAME": "M", "STREET_TYPE": "STREET", "QUADRANT": "NW", "ZIPCODE": 20036, "CITY": "WASHINGTON", "STATE": "DC", "COUNTRY": "UNITED STATES", "X_COORDINATE": 396301.54, "Y_COORDINATE": 137563.25, "LATITUDE": 38.90591959, "LONGITUDE": -77.0426401, "ADDRESS_TYPE": "ADDRESS", "STATUS": "ACTIVE", "ROUTEID": "11057852", "BLOCKKEY": "abd40cd19ec04307f8c2e6588b29da8b", "SUBBLOCKKEY": "9f5d016f9fcce962eb30f8576275a85d", "WARD": "Ward 2", "METADATA_ID": 50408586, "NATIONAL_GRID": "18S UJ 22882 08320", "HAS_SSL": "Y", "HAS_PLACE_NAME": "N", "HAS_CONDO": "N", "HAS_RESIDENTIAL_UNIT": "N", "STREET_VIEW_URL": "http://maps.google.com/maps?z=16&layer=c&cbll=38.90591959,-77.0426401&cbp=11,7.85367953987919,,0,2.09", "RESIDENTIAL_TYPE": "NON RESIDENTIAL", "PLACEMENT": "CENTER OF BUILDING", "SSL_ALIGNMENT": "ALIGNS WELL", "BUILDING": "Y", "SSL": "0139    0006", "SQUARE": "0139", "SUFFIX": null, "LOT": "0006", "MULTIPLE_LAND_SSL": null, "GRID_DIRECTION": "WEST", "HOUSING_UNIT_COUNT": 0, "RESIDENTIAL_UNIT_COUNT": 0, "BEFORE_DATE": null, "BEFORE_DATE_SOURCE": null, "BEGIN_DATE": "1883-05-29T00:00:01Z", "BEGIN_DATE_SOURCE": "BUILDING PERMIT", "FIRST_KNOWN_DATE": null, "FIRST_KNOWN_DATE_SOURCE": null, "CREATED_DATE": "2005-05-12T00:00:00Z", "LAST_EDITED_DATE": "2006-01-18T16:42:22Z", "SE_ANNO_CAD_DATA": null, "SMD": "SMD 2B05", "ANC": "ANC 2B" }, "geometry": { "type": "Point", "coordinates": [ -77.0426401, 38.90591959 ] } },
{ "type": "Feature", "properties": { "X": -8570034.2536999993, "Y": 4700972.8772999998, "OBJECTID": 190630428, "MAR_ID": 317284, "ADDRESS": "2445 JAMES BANKS ROAD SE", "ADDRESS_NUMBER": 2445, "ADDRESS_NUMBER_SUFFIX": null, "STREET_NAME": "JAMES BANKS", "STREET_TYPE": "ROAD", "QUADRANT": "SE", "ZIPCODE": 20020, "CITY": "WASHINGTON", "STATE": "DC", "COUNTRY": "UNITED STATES", "X_COORDINATE": 401221.66, "Y_COORDINATE": 131948.08, "LATITUDE": 38.85534255, "LONGITUDE": -76.98592528, "ADDRESS_TYPE": "ADDRESS", "STATUS": "ACTIVE", "ROUTEID": "13049452", "BLOCKKEY": "7e4d9f969798575058cddbb22125feb1", "SUBBLOCKKEY": "fad90ee92093fba771fc67dea7586af9", "WARD": "Ward 8", "METADATA_ID": 50409121, "NATIONAL_GRID": "18S UJ 27678 02598", "HAS_SSL": "Y", "HAS_PLACE_NAME": "N", "HAS_CONDO": "N", "HAS_RESIDENTIAL_UNIT": "N", "STREET_VIEW_URL": "https://www.google.com/maps/@?api=1&map_action=pano&viewpoint=38.85529227155665%2C-76.98587133363267&heading=322&pitch=0&fov=80", "RESIDENTIAL_TYPE": "RESIDENTIAL", "PLACEMENT": "CENTER OF BUILDING", "SSL_ALIGNMENT": "ALIGNS WELL", "BUILDING": "Y", "SSL": "5877    1111", "SQUARE": "5877", "SUFFIX": null, "LOT": "1111", "MULTIPLE_LAND_SSL": null, "GRID_DIRECTION": "SOUTH", "HOUSING_UNIT_COUNT": 1, "RESIDENTIAL_UNIT_COUNT": 0, "BEFORE_DATE": null, "BEFORE_DATE_SOURCE": null, "BEGIN_DATE": "2021-12-01T00:00:00Z", "BEGIN_DATE_SOURCE": "IMAGERY", "FIRST_KNOWN_DATE": null, "FIRST_KNOWN_DATE_SOURCE": null, "CREATED_DATE": "2025-09-26T19:07:26Z", "LAST_EDITED_DATE": "2025-09-26T19:07:26Z", "SE_ANNO_CAD_DATA": null, "SMD": "SMD 8B06", "ANC": "ANC 8B" }, "geometry": { "type": "Point", "coordinates": [ -76.98592528, 38.85534255 ] } },
{ "type": "Feature", "properties": { "X": -8570682.3833000008, "Y": 4699402.4961000001, "OBJECTID": 190631784, "MAR_ID": 332525, "ADDRESS": "1015 SYCAMORE DRIVE SE", "ADDRESS_NUMBER": 1015, "ADDRESS_NUMBER_SUFFIX": null, "STREET_NAME": "SYCAMORE", "STREET_TYPE": "DRIVE", "QUADRANT": "SE", "ZIPCODE": 20032, "CITY": "WASHINGTON", "STATE": "DC", "COUNTRY": "UNITED STATES", "X_COORDINATE": 400716.41, "Y_COORDINATE": 130728.45, "LATITUDE": 38.84435615, "LONGITUDE": -76.99174752, "ADDRESS_TYPE": "ADDRESS", "STATUS": "ACTIVE", "ROUTEID": "13084232", "BLOCKKEY": "3bd316072761621b680d648c57341a86", "SUBBLOCKKEY": "3bd316072761621b680d648c57341a86", "WARD": "Ward 8", "METADATA_ID": 50410481, "NATIONAL_GRID": "18S UJ 27146 01390", "HAS_SSL": "Y", "HAS_PLACE_NAME": "N", "HAS_CONDO": "N", "HAS_RESIDENTIAL_UNIT": "N", "STREET_VIEW_URL": "https://www.google.com/maps/@?api=1&map_action=pano&viewpoint=38.84424728868419%2C-76.99171741393214&heading=347&pitch=0&fov=80", "RESIDENTIAL_TYPE": "RESIDENTIAL", "PLACEMENT": "CENTER OF BUILDING", "SSL_ALIGNMENT": "ALIGNS WELL", "BUILDING": "Y", "SSL": "5868S   0873", "SQUARE": "5868", "SUFFIX": "S", "LOT": "0873", "MULTIPLE_LAND_SSL": null, "GRID_DIRECTION": "EAST", "HOUSING_UNIT_COUNT": 1, "RESIDENTIAL_UNIT_COUNT": 0, "BEFORE_DATE": null, "BEFORE_DATE_SOURCE": null, "BEGIN_DATE": "2020-12-21T00:00:00Z", "BEGIN_DATE_SOURCE": "DOB ADDRESS ASSIGNMENT", "FIRST_KNOWN_DATE": null, "FIRST_KNOWN_DATE_SOURCE": null, "CREATED_DATE": "2025-09-26T19:07:27Z", "LAST_EDITED_DATE": "2025-09-26T19:07:27Z", "SE_ANNO_CAD_DATA": null, "SMD": "SMD 8C03", "ANC": "ANC 8C" }, "geometry": { "type": "Point", "coordinates": [ -76.99174752, 38.84435615 ] } },
{ "type": "Feature", "properties": { "X": -8569715.1629000008, "Y": 4708206.2326999996, "OBJECTID": 190633267, "MAR_ID": 66853, "ADDRESS": "1337 CHILDRESS STREET NE", "ADDRESS_NUMBER": 1337, "ADDRESS_NUMBER_SUFFIX": null, "STREET_NAME": "CHILDRESS", "STREET_TYPE": "STREET", "QUADRANT": "NE", "ZIPCODE": 20002, "CITY": "WASHINGTON", "STATE": "DC", "COUNTRY": "UNITED STATES", "X_COORDINATE": 401469.42, "Y_COORDINATE": 137563.19, "LATITUDE": 38.9059256, "LONGITUDE": -76.98305884, "ADDRESS_TYPE": "ADDRESS", "STATUS": "ACTIVE", "ROUTEID": "12023272", "BLOCKKEY": "2ab963ecd3e5e2a364cb0eeeb4099303", "SUBBLOCKKEY": "ad6542906b2b56f3d21ed2571fa052dc", "WARD": "Ward 5", "METADATA_ID": 50411966, "NATIONAL_GRID": "18S UJ 28049 08206", "HAS_SSL": "Y", "HAS_PLACE_NAME": "N", "HAS_CONDO": "N", "HAS_RESIDENTIAL_UNIT": "N", "STREET_VIEW_URL": "http://maps.google.com/maps?z=16&layer=c&cbll=38.9059256,-76.98305884&cbp=11,224.389255632504,,0,2.09", "RESIDENTIAL_TYPE": "RESIDENTIAL", "PLACEMENT": "CENTER OF BUILDING", "SSL_ALIGNMENT": "ALIGNS WELL", "BUILDING": "Y", "SSL": "4076W   0087", "SQUARE": "4076", "SUFFIX": "W", "LOT": "0087", "MULTIPLE_LAND_SSL": null, "GRID_DIRECTION": "EAST", "HOUSING_UNIT_COUNT": 1, "RESIDENTIAL_UNIT_COUNT": 0, "BEFORE_DATE": null, "BEFORE_DATE_SOURCE": null, "BEGIN_DATE": "1925-08-12T00:00:01Z", "BEGIN_DATE_SOURCE": "BUILDING PERMIT", "FIRST_KNOWN_DATE": null, "FIRST_KNOWN_DATE_SOURCE": null, "CREATED_DATE": "2005-05-12T00:00:00Z", "LAST_EDITED_DATE": null, "SE_ANNO_CAD_DATA": null, "SMD": "SMD 5D05", "ANC": "ANC 5D" }, "geometry": { "type": "Point", "coordinates": [ -76.98305884, 38.9059256 ] } },
{ "type": "Feature", "properties": { "X": -8569617.8065000009, "Y": 4708583.3852000004, "OBJECTID": 190633355, "MAR_ID": 56543, "ADDRESS": "1737 TRINIDAD AVENUE NE", "ADDRESS_NUMBER": 1737, "ADDRESS_NUMBER_SUFFIX": null, "STREET_NAME": "TRINIDAD", "STREET_TYPE": "AVENUE", "QUADRANT": "NE", "ZIPCODE": 20002, "CITY": "WASHINGTON", "STATE": "DC", "COUNTRY": "UNITED STATES", "X_COORDINATE": 401545.22, "Y_COORDINATE": 137855.87, "LATITUDE": 38.90856203, "LONGITUDE": -76.98218427, "ADDRESS_TYPE": "ADDRESS", "STATUS": "ACTIVE", "ROUTEID": "12086642", "BLOCKKEY": "d84669b22fb0adbaf3c4477e29e62280", "SUBBLOCKKEY": "d84669b22fb0adbaf3c4477e29e62280", "WARD": "Ward 5", "METADATA_ID": 50412054, "NATIONAL_GRID": "18S UJ 28131 08497", "HAS_SSL": "Y", "HAS_PLACE_NAME": "N", "HAS_CONDO": "N", "HAS_RESIDENTIAL_UNIT": "Y", "STREET_VIEW_URL": "http://maps.google.com/maps?z=16&layer=c&cbll=38.90856203,-76.98218427&cbp=11,109.345788314877,,0,2.09", "RESIDENTIAL_TYPE": "RESIDENTIAL", "PLACEMENT": "CENTER OF BUILDING", "SSL_ALIGNMENT": "ALIGNS WELL", "BUILDING": "Y", "SSL": "4082    0041", "SQUARE": "4082", "SUFFIX": null, "LOT": "0041", "MULTIPLE_LAND_SSL": null, "GRID_DIRECTION": "NORTH", "HOUSING_UNIT_COUNT": 4, "RESIDENTIAL_UNIT_COUNT": 4, "BEFORE_DATE": null, "BEFORE_DATE_SOURCE": null, "BEGIN_DATE": "1937-04-21T00:00:01Z", "BEGIN_DATE_SOURCE": "BUILDING PERMIT", "FIRST_KNOWN_DATE": null, "FIRST_KNOWN_DATE_SOURCE": null, "CREATED_DATE": "2005-05-12T00:00:00Z", "LAST_EDITED_DATE": null, "SE_ANNO_CAD_DATA": null, "SMD": "SMD 5D05", "ANC": "ANC 5D" }, "geometry": { "type": "Point", "coordinates": [ -76.98218427, 38.90856203 ] } },
{ "type": "Feature", "properties": { "X": -8571639.1944999993, "Y": 4709765.9178999998, "OBJECTID": 190635721, "MAR_ID": 352411, "ADDRESS": "1947 C 4TH STREET NE", "ADDRESS_NUMBER": 1947, "ADDRESS_NUMBER_SUFFIX": "C", "STREET_NAME": "4TH", "STREET_TYPE": "STREET", "QUADRANT": "NE", "ZIPCODE": 20002, "CITY": "WASHINGTON", "STATE": "DC", "COUNTRY": "UNITED STATES", "X_COORDINATE": 399970.28, "Y_COORDINATE": 138773.28, "LATITUDE": 38.91682739, "LONGITUDE": -77.0003427, "ADDRESS_TYPE": "ADDRESS", "STATUS": "ASSIGNED", "ROUTEID": "12000402", "BLOCKKEY": "6630761bde15e44e27ca2a1447cb6def", "SUBBLOCKKEY": "6630761bde15e44e27ca2a1447cb6def", "WARD": "Ward 5", "METADATA_ID": 50414429, "NATIONAL_GRID": "18S UJ 26577 09449", "HAS_SSL": "Y", "HAS_PLACE_NAME": "N", "HAS_CONDO": "N", "HAS_RESIDENTIAL_UNIT": "N", "STREET_VIEW_URL": "https://www.google.com/maps/@?api=1&map_action=pano&viewpoint=38.9168352364285%2C-77.00045813225177&heading=90&pitch=0&fov=80", "RESIDENTIAL_TYPE": "RESIDENTIAL", "PLACEMENT": "OTHER", "SSL_ALIGNMENT": "ALIGNS WELL", "BUILDING": "N", "SSL": "3615    0054", "SQUARE": "3615", "SUFFIX": null, "LOT": "0054", "MULTIPLE_LAND_SSL": null, "GRID_DIRECTION": "NORTH", "HOUSING_UNIT_COUNT": 0, "RESIDENTIAL_UNIT_COUNT": 0, "BEFORE_DATE": null, "BEFORE_DATE_SOURCE": null, "BEGIN_DATE": null, "BEGIN_DATE_SOURCE": null, "FIRST_KNOWN_DATE": null, "FIRST_KNOWN_DATE_SOURCE": null, "CREATED_DATE": "2025-09-26T19:06:48Z", "LAST_EDITED_DATE": "2025-09-26T19:06:48Z", "SE_ANNO_CAD_DATA": null, "SMD": "SMD 5F06", "ANC": "ANC 5F" }, "geometry": { "type": "Point", "coordinates": [ -77.0003427, 38.91682739 ] } },
{ "type": "Feature", "properties": { "X": -8566350.8905999996, "Y": 4703279.753, "OBJECTID": 190636069, "MAR_ID": 32331, "ADDRESS": "3635 HIGHWOOD DRIVE SE", "ADDRESS_NUMBER": 3635, "ADDRESS_NUMBER_SUFFIX": null, "STREET_NAME": "HIGHWOOD", "STREET_TYPE": "DRIVE", "QUADRANT": "SE", "ZIPCODE": 20020, "CITY": "WASHINGTON", "STATE": "DC", "COUNTRY": "UNITED STATES", "X_COORDINATE": 404092.73, "Y_COORDINATE": 133740.24, "LATITUDE": 38.8714784, "LONGITUDE": -76.95283707, "ADDRESS_TYPE": "ADDRESS", "STATUS": "ACTIVE", "ROUTEID": "13044982", "BLOCKKEY": "dc3d5b8adf2c2104002362c527726f54", "SUBBLOCKKEY": "dc3d5b8adf2c2104002362c527726f54", "WARD": "Ward 7", "METADATA_ID": 50414777, "NATIONAL_GRID": "18S UJ 30586 04327", "HAS_SSL": "Y", "HAS_PLACE_NAME": "N", "HAS_CONDO": "N", "HAS_RESIDENTIAL_UNIT": "N", "STREET_VIEW_URL": "http://maps.google.com/maps?z=16&layer=c&cbll=38.87147685,-76.95285955&cbp=11,75.7718579616615,,0,2.09", "RESIDENTIAL_TYPE": "RESIDENTIAL", "PLACEMENT": "CENTER OF BUILDING", "SSL_ALIGNMENT": "ALIGNS WELL", "BUILDING": "Y", "SSL": "5534    0010", "SQUARE": "5534", "SUFFIX": null, "LOT": "0010", "MULTIPLE_LAND_SSL": null, "GRID_DIRECTION": "EAST", "HOUSING_UNIT_COUNT": 1, "RESIDENTIAL_UNIT_COUNT": 0, "BEFORE_DATE": null, "BEFORE_DATE_SOURCE": null, "BEGIN_DATE": "1952-04-01T00:00:01Z", "BEGIN_DATE_SOURCE": "BUILDING PERMIT", "FIRST_KNOWN_DATE": null, "FIRST_KNOWN_DATE_SOURCE": null, "CREATED_DATE": "2025-01-29T11:43:33Z", "LAST_EDITED_DATE": null, "SE_ANNO_CAD_DATA": null, "SMD": "SMD 7B07", "ANC": "ANC 7B" }, "geometry": { "type": "Point", "coordinates": [ -76.95283707, 38.8714784 ] } },
{ "type": "Feature", "properties": { "X": -8576050.4121000003, "Y": 4710549.0948000001, "OBJECTID": 190636079, "MAR_ID": 235752, "ADDRESS": "2425 ONTARIO ROAD NW", "ADDRESS_NUMBER": 2425, "ADDRESS_NUMBER_SUFFIX": null, "STREET_NAME": "ONTARIO", "STREET_TYPE": "ROAD", "QUADRANT": "NW", "ZIPCODE": 20009, "CITY": "WASHINGTON", "STATE": "DC", "COUNTRY": "UNITED STATES", "X_COORDINATE": 396533.99, "Y_COORDINATE": 139381.67, "LATITUDE": 38.92230147, "LONGITUDE": -77.03996933000001, "ADDRESS_TYPE": "ADDRESS", "STATUS": "ACTIVE", "ROUTEID": "11067402", "BLOCKKEY": "cf8058647c93125070c0cd277be2c7fa", "SUBBLOCKKEY": "8e88d9b0ca9e40d7d9308157f27cd6d8", "WARD": "Ward 1", "METADATA_ID": 50414787, "NATIONAL_GRID": "18S UJ 23154 10133", "HAS_SSL": "Y", "HAS_PLACE_NAME": "N", "HAS_CONDO": "N", "HAS_RESIDENTIAL_UNIT": "Y", "STREET_VIEW_URL": "http://maps.google.com/maps?z=16&layer=c&cbll=38.92230147,-77.03996933&cbp=11,92.3144238671493,,0,2.09", "RESIDENTIAL_TYPE": "RESIDENTIAL", "PLACEMENT": "CENTER OF BUILDING", "SSL_ALIGNMENT": "ALIGNS WELL", "BUILDING": "Y", "SSL": "2566    0094", "SQUARE": "2566", "SUFFIX": null, "LOT": "0094", "MULTIPLE_LAND_SSL": null, "GRID_DIRECTION": "NORTH", "HOUSING_UNIT_COUNT": 4, "RESIDENTIAL_UNIT_COUNT": 4, "BEFORE_DATE": null, "BEFORE_DATE_SOURCE": null, "BEGIN_DATE": "1926-03-01T00:00:01Z", "BEGIN_DATE_SOURCE": "BUILDING PERMIT", "FIRST_KNOWN_DATE": null, "FIRST_KNOWN_DATE_SOURCE": null, "CREATED_DATE": "2005-05-12T00:00:00Z", "LAST_EDITED_DATE": "2006-01-18T16:42:22Z", "SE_ANNO_CAD_DATA": null, "SMD": "SMD 1C08", "ANC": "ANC 1C" }, "geometry": { "type": "Point", "coordinates": [ -77.03996933, 38.92230147 ] } },
{ "type": "Feature", "properties": { "X": -8572808.8741999995, "Y": 4696639.0225, "OBJECTID": 190637196, "MAR_ID": 67934, "ADDRESS": "132 FORRESTER STREET SW", "ADDRESS_NUMBER": 132, "ADDRESS_NUMBER_SUFFIX": null, "STREET_NAME": "FORRESTER", "STREET_TYPE": "STREET", "QUADRANT": "SW", "ZIPCODE": 20032, "CITY": "WASHINGTON", "STATE": "DC", "COUNTRY": "UNITED STATES", "X_COORDINATE": 399057.83, "Y_COORDINATE": 128581.89, "LATITUDE": 38.82501907, "LONGITUDE": -77.01085011000001, "ADDRESS_TYPE": "ADDRESS", "STATUS": "ACTIVE", "ROUTEID": "14036982", "BLOCKKEY": "207f4e67eacc0523213e90ca35eaf6f9", "SUBBLOCKKEY": "207f4e67eacc0523213e90ca35eaf6f9", "WARD": "Ward 8", "METADATA_ID": 50415904, "NATIONAL_GRID": "18S UH 25441 99280", "HAS_SSL": "Y", "HAS_PLACE_NAME": "N", "HAS_CONDO": "N", "HAS_RESIDENTIAL_UNIT": "N", "STREET_VIEW_URL": "http://maps.google.com/maps?z=16&layer=c&cbll=38.82501907,-77.01085011&cbp=11,175.682522652355,,0,2.09", "RESIDENTIAL_TYPE": "RESIDENTIAL", "PLACEMENT": "CENTER OF BUILDING", "SSL_ALIGNMENT": "ALIGNS WELL", "BUILDING": "Y", "SSL": "6239    0019", "SQUARE": "6239", "SUFFIX": null, "LOT": "0019", "MULTIPLE_LAND_SSL": null, "GRID_DIRECTION": "WEST", "HOUSING_UNIT_COUNT": 1, "RESIDENTIAL_UNIT_COUNT": 0, "BEFORE_DATE": null, "BEFORE_DATE_SOURCE": null, "BEGIN_DATE": "1941-06-02T00:00:01Z", "BEGIN_DATE_SOURCE": "BUILDING PERMIT", "FIRST_KNOWN_DATE": null, "FIRST_KNOWN_DATE_SOURCE": null, "CREATED_DATE": "2005-05-12T00:00:00Z", "LAST_EDITED_DATE": null, "SE_ANNO_CAD_DATA": null, "SMD": "SMD 8D07", "ANC": "ANC 8D" }, "geometry": { "type": "Point", "coordinates": [ -77.01085011, 38.82501907 ] } },
{ "type": "Feature", "properties": { "X": -8581597.9034000002, "Y": 4709326.1563999997, "OBJECTID": 190638929, "MAR_ID": 271497, "ADDRESS": "1850 47TH PLACE NW", "ADDRESS_NUMBER": 1850, "ADDRESS_NUMBER_SUFFIX": null, "STREET_NAME": "47TH", "STREET_TYPE": "PLACE", "QUADRANT": "NW", "ZIPCODE": 20007, "CITY": "WASHINGTON", "STATE": "DC", "COUNTRY": "UNITED STATES", "X_COORDINATE": 392211.62, "Y_COORDINATE": 138435.9, "LATITUDE": 38.91375399, "LONGITUDE": -77.08980328, "ADDRESS_TYPE": "ADDRESS", "STATUS": "ACTIVE", "ROUTEID": "11004732", "BLOCKKEY": "c136f323682418af4ca837459f9bf817", "SUBBLOCKKEY": "c136f323682418af4ca837459f9bf817", "WARD": "Ward 3", "METADATA_ID": 50417637, "NATIONAL_GRID": "18S UJ 18812 09282", "HAS_SSL": "Y", "HAS_PLACE_NAME": "N", "HAS_CONDO": "N", "HAS_RESIDENTIAL_UNIT": "N", "STREET_VIEW_URL": "http://maps.google.com/maps?z=16&layer=c&cbll=38.91375399,-77.08980328&cbp=11,316.539626968695,,0,2.09", "RESIDENTIAL_TYPE": "RESIDENTIAL", "PLACEMENT": "CENTER OF BUILDING", "SSL_ALIGNMENT": "ALIGNS WELL", "BUILDING": "Y", "SSL": "1371    0042", "SQUARE": "1371", "SUFFIX": null, "LOT": "0042", "MULTIPLE_LAND_SSL": null, "GRID_DIRECTION": "NORTH", "HOUSING_UNIT_COUNT": 1, "RESIDENTIAL_UNIT_COUNT": 0, "BEFORE_DATE": null, "BEFORE_DATE_SOURCE": null, "BEGIN_DATE": "1942-03-18T00:00:01Z", "BEGIN_DATE_SOURCE": "BUILDING PERMIT", "FIRST_KNOWN_DATE": null, "FIRST_KNOWN_DATE_SOURCE": null, "CREATED_DATE": "2005-05-12T00:00:00Z", "LAST_EDITED_DATE": null, "SE_ANNO_CAD_DATA": null, "SMD": "SMD 3D06", "ANC": "ANC 3D" }, "geometry": { "type": "Point", "coordinates": [ -77.08980328, 38.91375399 ] } },
{ "type": "Feature", "properties": { "X": -8570160.4671, "Y": 4701416.2914000005, "OBJECTID": 190639830, "MAR_ID": 63177, "ADDRESS": "1444 HOWARD ROAD SE", "ADDRESS_NUMBER": 1444, "ADDRESS_NUMBER_SUFFIX": null, "STREET_NAME": "HOWARD", "STREET_TYPE": "ROAD", "QUADRANT": "SE", "ZIPCODE": 20020, "CITY": "WASHINGTON", "STATE": "DC", "COUNTRY": "UNITED STATES", "X_COORDINATE": 401123.2, "Y_COORDINATE": 132292.39, "LATITUDE": 38.85844471, "LONGITUDE": -76.98705907, "ADDRESS_TYPE": "ADDRESS", "STATUS": "ACTIVE", "ROUTEID": "13046732", "BLOCKKEY": "9044c4323ad8165e4208bfc1f22b2dbc", "SUBBLOCKKEY": "9044c4323ad8165e4208bfc1f22b2dbc", "WARD": "Ward 8", "METADATA_ID": 50418538, "NATIONAL_GRID": "18S UJ 27587 02944", "HAS_SSL": "Y", "HAS_PLACE_NAME": "N", "HAS_CONDO": "N", "HAS_RESIDENTIAL_UNIT": "N", "STREET_VIEW_URL": "http://maps.google.com/maps?z=16&layer=c&cbll=38.85844471,-76.98705907&cbp=11,28.8429174499713,,0,2.09", "RESIDENTIAL_TYPE": "RESIDENTIAL", "PLACEMENT": "CENTER OF BUILDING", "SSL_ALIGNMENT": "ALIGNS WELL", "BUILDING": "Y", "SSL": "5809    0132", "SQUARE": "5809", "SUFFIX": null, "LOT": "0132", "MULTIPLE_LAND_SSL": null, "GRID_DIRECTION": "EAST", "HOUSING_UNIT_COUNT": 1, "RESIDENTIAL_UNIT_COUNT": 0, "BEFORE_DATE": null, "BEFORE_DATE_SOURCE": null, "BEGIN_DATE": "1944-08-30T00:00:01Z", "BEGIN_DATE_SOURCE": "BUILDING PERMIT", "FIRST_KNOWN_DATE": null, "FIRST_KNOWN_DATE_SOURCE": null, "CREATED_DATE": "2005-05-12T00:00:00Z", "LAST_EDITED_DATE": "2006-01-18T16:42:16Z", "SE_ANNO_CAD_DATA": null, "SMD": "SMD 8B06", "ANC": "ANC 8B" }, "geometry": { "type": "Point", "coordinates": [ -76.98705907, 38.85844471 ] } },
{ "type": "Feature", "properties": { "X": -8571724.645, "Y": 4707678.7674000002, "OBJECTID": 190639889, "MAR_ID": 37602, "ADDRESS": "325 K STREET NE", "ADDRESS_NUMBER": 325, "ADDRESS_NUMBER_SUFFIX": null, "STREET_NAME": "K", "STREET_TYPE": "STREET", "QUADRANT": "NE", "ZIPCODE": 20002, "CITY": "WASHINGTON", "STATE": "DC", "COUNTRY": "UNITED STATES", "X_COORDINATE": 399903.69, "Y_COORDINATE": 137153.73, "LATITUDE": 38.90223826, "LONGITUDE": -77.00111032, "ADDRESS_TYPE": "ADDRESS", "STATUS": "ACTIVE", "ROUTEID": "12050892", "BLOCKKEY": "3760b5a2ef94b7b35c729ca15448bc33", "SUBBLOCKKEY": "a8dece4df84be4957bec63e8602a412e", "WARD": "Ward 6", "METADATA_ID": 50418597, "NATIONAL_GRID": "18S UJ 26475 07831", "HAS_SSL": "Y", "HAS_PLACE_NAME": "N", "HAS_CONDO": "N", "HAS_RESIDENTIAL_UNIT": "N", "STREET_VIEW_URL": "http://maps.google.com/maps?z=16&layer=c&cbll=38.90223826,-77.00111032&cbp=11,177.78894822578,,0,2.09", "RESIDENTIAL_TYPE": "RESIDENTIAL", "PLACEMENT": "CENTER OF BUILDING", "SSL_ALIGNMENT": "ALIGNS WELL", "BUILDING": "Y", "SSL": "0775    0811", "SQUARE": "0775", "SUFFIX": null, "LOT": "0811", "MULTIPLE_LAND_SSL": null, "GRID_DIRECTION": "EAST", "HOUSING_UNIT_COUNT": 1, "RESIDENTIAL_UNIT_COUNT": 0, "BEFORE_DATE": null, "BEFORE_DATE_SOURCE": null, "BEGIN_DATE": "1915-08-25T00:00:01Z", "BEGIN_DATE_SOURCE": "BUILDING PERMIT", "FIRST_KNOWN_DATE": null, "FIRST_KNOWN_DATE_SOURCE": null, "CREATED_DATE": "2005-05-12T00:00:00Z", "LAST_EDITED_DATE": null, "SE_ANNO_CAD_DATA": null, "SMD": "SMD 6C06", "ANC": "ANC 6C" }, "geometry": { "type": "Point", "coordinates": [ -77.00111032, 38.90223826 ] } },
{ "type": "Feature", "properties": { "X": -8562900.8407000005, "Y": 4706180.1655000001, "OBJECTID": 190643345, "MAR_ID": 51143, "ADDRESS": "214 56TH STREET NE", "ADDRESS_NUMBER": 214, "ADDRESS_NUMBER_SUFFIX": null, "STREET_NAME": "56TH", "STREET_TYPE": "STREET", "QUADRANT": "NE", "ZIPCODE": 20019, "CITY": "WASHINGTON", "STATE": "DC", "COUNTRY": "UNITED STATES", "X_COORDINATE": 406780.27, "Y_COORDINATE": 135993.57, "LATITUDE": 38.89176098, "LONGITUDE": -76.92184476, "ADDRESS_TYPE": "ADDRESS", "STATUS": "ACTIVE", "ROUTEID": "12005602", "BLOCKKEY": "b1ff00c61ac88196f72612b9df619e2c", "SUBBLOCKKEY": "b1ff00c61ac88196f72612b9df619e2c", "WARD": "Ward 7", "METADATA_ID": 50422053, "NATIONAL_GRID": "18S UJ 33324 06521", "HAS_SSL": "Y", "HAS_PLACE_NAME": "N", "HAS_CONDO": "N", "HAS_RESIDENTIAL_UNIT": "N", "STREET_VIEW_URL": "http://maps.google.com/maps?z=16&layer=c&cbll=38.89176098,-76.92184476&cbp=11,287.563227950643,,0,2.09", "RESIDENTIAL_TYPE": "RESIDENTIAL", "PLACEMENT": "CENTER OF BUILDING", "SSL_ALIGNMENT": "ALIGNS WELL", "BUILDING": "Y", "SSL": "5250    0151", "SQUARE": "5250", "SUFFIX": null, "LOT": "0151", "MULTIPLE_LAND_SSL": null, "GRID_DIRECTION": "NORTH", "HOUSING_UNIT_COUNT": 1, "RESIDENTIAL_UNIT_COUNT": 0, "BEFORE_DATE": null, "BEFORE_DATE_SOURCE": null, "BEGIN_DATE": "1944-07-25T00:00:01Z", "BEGIN_DATE_SOURCE": "BUILDING PERMIT", "FIRST_KNOWN_DATE": null, "FIRST_KNOWN_DATE_SOURCE": null, "CREATED_DATE": "2005-05-12T00:00:00Z", "LAST_EDITED_DATE": null, "SE_ANNO_CAD_DATA": null, "SMD": "SMD 7C02", "ANC": "ANC 7C" }, "geometry": { "type": "Point", "coordinates": [ -76.92184476, 38.89176098 ] } },
{ "type": "Feature", "properties": { "X": -8567201.6941, "Y": 4701377.5248999996, "OBJECTID": 190644106, "MAR_ID": 45942, "ADDRESS": "2601 33RD STREET SE", "ADDRESS_NUMBER": 2601, "ADDRESS_NUMBER_SUFFIX": null, "STREET_NAME": "33RD", "STREET_TYPE": "STREET", "QUADRANT": "SE", "ZIPCODE": 20020, "CITY": "WASHINGTON", "STATE": "DC", "COUNTRY": "UNITED STATES", "X_COORDINATE": 403430.13, "Y_COORDINATE": 132262.95, "LATITUDE": 38.85817319, "LONGITUDE": -76.96047997, "ADDRESS_TYPE": "ADDRESS", "STATUS": "ACTIVE", "ROUTEID": "13003302", "BLOCKKEY": "8f6234d4dac6b58c6f86edc9e50379f6", "SUBBLOCKKEY": "8f6234d4dac6b58c6f86edc9e50379f6", "WARD": "Ward 7", "METADATA_ID": 50422814, "NATIONAL_GRID": "18S UJ 29894 02863", "HAS_SSL": "Y", "HAS_PLACE_NAME": "N", "HAS_CONDO": "N", "HAS_RESIDENTIAL_UNIT": "N", "STREET_VIEW_URL": "http://maps.google.com/maps?z=16&layer=c&cbll=38.8581628,-76.96047122&cbp=11,179.56650519876,,0,2.09", "RESIDENTIAL_TYPE": "RESIDENTIAL", "PLACEMENT": "CENTER OF BUILDING", "SSL_ALIGNMENT": "ALIGNS WELL", "BUILDING": "Y", "SSL": "5700    0014", "SQUARE": "5700", "SUFFIX": null, "LOT": "0014", "MULTIPLE_LAND_SSL": null, "GRID_DIRECTION": "SOUTH", "HOUSING_UNIT_COUNT": 1, "RESIDENTIAL_UNIT_COUNT": 0, "BEFORE_DATE": null, "BEFORE_DATE_SOURCE": null, "BEGIN_DATE": "1931-08-31T00:00:01Z", "BEGIN_DATE_SOURCE": "BUILDING PERMIT", "FIRST_KNOWN_DATE": null, "FIRST_KNOWN_DATE_SOURCE": null, "CREATED_DATE": "2025-05-29T07:09:57Z", "LAST_EDITED_DATE": null, "SE_ANNO_CAD_DATA": null, "SMD": "SMD 7B05", "ANC": "ANC 7B" }, "geometry": { "type": "Point", "coordinates": [ -76.96047997, 38.85817319 ] } },
{ "type": "Feature", "properties": { "X": -8569559.8595000003, "Y": 4700043.812, "OBJECTID": 190647197, "MAR_ID": 304489, "ADDRESS": "1513 SHIPPEN LANE SE", "ADDRESS_NUMBER": 1513, "ADDRESS_NUMBER_SUFFIX": null, "STREET_NAME": "SHIPPEN", "STREET_TYPE": "LANE", "QUADRANT": "SE", "ZIPCODE": 20020, "CITY": "WASHINGTON", "STATE": "DC", "COUNTRY": "UNITED STATES", "X_COORDINATE": 401591.7, "Y_COORDINATE": 131226.65, "LATITUDE": 38.84884334, "LONGITUDE": -76.98166372, "ADDRESS_TYPE": "ADDRESS", "STATUS": "ACTIVE", "ROUTEID": "13080292", "BLOCKKEY": "601894e160ffed963c9db421e5ae9fc6", "SUBBLOCKKEY": "b153eece7e03f9b32fd0254e7d62e11c", "WARD": "Ward 8", "METADATA_ID": 50425906, "NATIONAL_GRID": "18S UJ 28035 01868", "HAS_SSL": "Y", "HAS_PLACE_NAME": "N", "HAS_CONDO": "N", "HAS_RESIDENTIAL_UNIT": "N", "STREET_VIEW_URL": "http://maps.google.com/maps?z=16&layer=c&cbll=38.84884334,-76.98166372&cbp=11,187.388809673236,,0,2.09", "RESIDENTIAL_TYPE": "RESIDENTIAL", "PLACEMENT": "CENTER OF BUILDING", "SSL_ALIGNMENT": "ALIGNS WELL", "BUILDING": "Y", "SSL": "5890    0134", "SQUARE": "5890", "SUFFIX": null, "LOT": "0134", "MULTIPLE_LAND_SSL": null, "GRID_DIRECTION": "EAST", "HOUSING_UNIT_COUNT": 1, "RESIDENTIAL_UNIT_COUNT": 0, "BEFORE_DATE": null, "BEFORE_DATE_SOURCE": null, "BEGIN_DATE": "2007-01-01T00:00:00Z", "BEGIN_DATE_SOURCE": "OP HISTORIC BUILDING DATA", "FIRST_KNOWN_DATE": null, "FIRST_KNOWN_DATE_SOURCE": null, "CREATED_DATE": "2007-06-13T11:27:16Z", "LAST_EDITED_DATE": "2007-10-11T17:29:29Z", "SE_ANNO_CAD_DATA": null, "SMD": "SMD 8C08", "ANC": "ANC 8C" }, "geometry": { "type": "Point", "coordinates": [ -76.98166372, 38.84884334 ] } },
{ "type": "Feature", "properties": { "X": -8573982.803, "Y": 4713431.93, "OBJECTID": 190649053, "MAR_ID": 247510, "ADDRESS": "4213 7TH STREET NW", "ADDRESS_NUMBER": 4213, "ADDRESS_NUMBER_SUFFIX": null, "STREET_NAME": "7TH", "STREET_TYPE": "STREET", "QUADRANT": "NW", "ZIPCODE": 20011, "CITY": "WASHINGTON", "STATE": "DC", "COUNTRY": "UNITED STATES", "X_COORDINATE": 398145.16, "Y_COORDINATE": 141617.39, "LATITUDE": 38.94244639, "LONGITUDE": -77.02139568, "ADDRESS_TYPE": "ADDRESS", "STATUS": "ACTIVE", "ROUTEID": "11000702", "BLOCKKEY": "1dc19dafcb61da887ff1b1f36650915b", "SUBBLOCKKEY": "1dc19dafcb61da887ff1b1f36650915b", "WARD": "Ward 4", "METADATA_ID": 50427762, "NATIONAL_GRID": "18S UJ 24814 12333", "HAS_SSL": "Y", "HAS_PLACE_NAME": "N", "HAS_CONDO": "N", "HAS_RESIDENTIAL_UNIT": "N", "STREET_VIEW_URL": "http://maps.google.com/maps?z=16&layer=c&cbll=38.94244639,-77.02139568&cbp=11,100.487863514971,,0,2.09", "RESIDENTIAL_TYPE": "RESIDENTIAL", "PLACEMENT": "CENTER OF BUILDING", "SSL_ALIGNMENT": "ALIGNS WELL", "BUILDING": "Y", "SSL": "3226    0058", "SQUARE": "3226", "SUFFIX": null, "LOT": "0058", "MULTIPLE_LAND_SSL": null, "GRID_DIRECTION": "NORTH", "HOUSING_UNIT_COUNT": 1, "RESIDENTIAL_UNIT_COUNT": 0, "BEFORE_DATE": null, "BEFORE_DATE_SOURCE": null, "BEGIN_DATE": "1915-09-22T00:00:01Z", "BEGIN_DATE_SOURCE": "BUILDING PERMIT", "FIRST_KNOWN_DATE": null, "FIRST_KNOWN_DATE_SOURCE": null, "CREATED_DATE": "2005-05-12T00:00:00Z", "LAST_EDITED_DATE": null, "SE_ANNO_CAD_DATA": null, "SMD": "SMD 4C06", "ANC": "ANC 4C" }, "geometry": { "type": "Point", "coordinates": [ -77.02139568, 38.94244639 ] } },
{ "type": "Feature", "properties": { "X": -8581097.4992999993, "Y": 4711345.146, "OBJECTID": 190652253, "MAR_ID": 265426, "ADDRESS": "4339 GARFIELD STREET NW", "ADDRESS_NUMBER": 4339, "ADDRESS_NUMBER_SUFFIX": null, "STREET_NAME": "GARFIELD", "STREET_TYPE": "STREET", "QUADRANT": "NW", "ZIPCODE": 20007, "CITY": "WASHINGTON", "STATE": "DC", "COUNTRY": "UNITED STATES", "X_COORDINATE": 392602.94, "Y_COORDINATE": 140001.94, "LATITUDE": 38.92786442, "LONGITUDE": -77.08530807, "ADDRESS_TYPE": "ADDRESS", "STATUS": "ACTIVE", "ROUTEID": "11039522", "BLOCKKEY": "6f476dec647741d4eee6993253b11452", "SUBBLOCKKEY": "36f5a7ddc19c3bd5a46918276bb32391", "WARD": "Ward 3", "METADATA_ID": 50430962, "NATIONAL_GRID": "18S UJ 19238 10836", "HAS_SSL": "Y", "HAS_PLACE_NAME": "N", "HAS_CONDO": "N", "HAS_RESIDENTIAL_UNIT": "N", "STREET_VIEW_URL": "http://maps.google.com/maps?z=16&layer=c&cbll=38.92783548,-77.08530827&cbp=11,349.59535394582,,0,2.09", "RESIDENTIAL_TYPE": "RESIDENTIAL", "PLACEMENT": "CENTER OF BUILDING", "SSL_ALIGNMENT": "ALIGNS WELL", "BUILDING": "Y", "SSL": "1620    0067", "SQUARE": "1620", "SUFFIX": null, "LOT": "0067", "MULTIPLE_LAND_SSL": null, "GRID_DIRECTION": "WEST", "HOUSING_UNIT_COUNT": 1, "RESIDENTIAL_UNIT_COUNT": 0, "BEFORE_DATE": null, "BEFORE_DATE_SOURCE": null, "BEGIN_DATE": "1929-04-02T00:00:01Z", "BEGIN_DATE_SOURCE": "BUILDING PERMIT", "FIRST_KNOWN_DATE": null, "FIRST_KNOWN_DATE_SOURCE": null, "CREATED_DATE": "2019-09-04T14:17:25Z", "LAST_EDITED_DATE": null, "SE_ANNO_CAD_DATA": null, "SMD": "SMD 3D01", "ANC": "ANC 3D" }, "geometry": { "type": "Point", "coordinates": [ -77.08530807, 38.92786442 ] } },
{ "type": "Feature", "properties": { "X": -8574469.9595999997, "Y": 4710156.9819, "OBJECTID": 190655060, "MAR_ID": 239392, "ADDRESS": "2211 10TH STREET NW", "ADDRESS_NUMBER": 2211, "ADDRESS_NUMBER_SUFFIX": null, "STREET_NAME": "10TH", "STREET_TYPE": "STREET", "QUADRANT": "NW", "ZIPCODE": 20001, "CITY": "WASHINGTON", "STATE": "DC", "COUNTRY": "UNITED STATES", "X_COORDINATE": 397765.06, "Y_COORDINATE": 139077.01, "LATITUDE": 38.91956099, "LONGITUDE": -77.02577189, "ADDRESS_TYPE": "ADDRESS", "STATUS": "ACTIVE", "ROUTEID": "11001002", "BLOCKKEY": "2bf1228e681cf7e3a56534225c5d0a26", "SUBBLOCKKEY": "4c50281e8d75456566f29612a3d43e18", "WARD": "Ward 1", "METADATA_ID": 50433769, "NATIONAL_GRID": "18S UJ 24379 09801", "HAS_SSL": "Y", "HAS_PLACE_NAME": "N", "HAS_CONDO": "N", "HAS_RESIDENTIAL_UNIT": "N", "STREET_VIEW_URL": "http://maps.google.com/maps?z=16&layer=c&cbll=38.91956099,-77.02577189&cbp=11,78.7739573364922,,0,2.09", "RESIDENTIAL_TYPE": "RESIDENTIAL", "PLACEMENT": "CENTER OF BUILDING", "SSL_ALIGNMENT": "ALIGNS WELL", "BUILDING": "Y", "SSL": "0357    0079", "SQUARE": "0357", "SUFFIX": null, "LOT": "0079", "MULTIPLE_LAND_SSL": null, "GRID_DIRECTION": "NORTH", "HOUSING_UNIT_COUNT": 1, "RESIDENTIAL_UNIT_COUNT": 0, "BEFORE_DATE": null, "BEFORE_DATE_SOURCE": null, "BEGIN_DATE": "1884-07-18T00:00:01Z", "BEGIN_DATE_SOURCE": "BUILDING PERMIT", "FIRST_KNOWN_DATE": null, "FIRST_KNOWN_DATE_SOURCE": null, "CREATED_DATE": "2005-05-12T00:00:00Z", "LAST_EDITED_DATE": null, "SE_ANNO_CAD_DATA": null, "SMD": "SMD 1B03", "ANC": "ANC 1B" }, "geometry": { "type": "Point", "coordinates": [ -77.02577189, 38.91956099 ] } },
{ "type": "Feature", "properties": { "X": -8568992.3573000003, "Y": 4700262.7880999995, "OBJECTID": 190656977, "MAR_ID": 299073, "ADDRESS": "1888 ALABAMA AVENUE SE", "ADDRESS_NUMBER": 1888, "ADDRESS_NUMBER_SUFFIX": null, "STREET_NAME": "ALABAMA", "STREET_TYPE": "AVENUE", "QUADRANT": "SE", "ZIPCODE": 20020, "CITY": "WASHINGTON", "STATE": "DC", "COUNTRY": "UNITED STATES", "X_COORDINATE": 402034.19, "Y_COORDINATE": 131396.81, "LATITUDE": 38.85037497, "LONGITUDE": -76.97656577, "ADDRESS_TYPE": "ADDRESS", "STATUS": "ACTIVE", "ROUTEID": "13009362", "BLOCKKEY": "1fa7d70f1046d173a08e9d6afd25cb76", "SUBBLOCKKEY": "1fa7d70f1046d173a08e9d6afd25cb76", "WARD": "Ward 8", "METADATA_ID": 50435686, "NATIONAL_GRID": "18S UJ 28478 02029", "HAS_SSL": "Y", "HAS_PLACE_NAME": "N", "HAS_CONDO": "N", "HAS_RESIDENTIAL_UNIT": "N", "STREET_VIEW_URL": "http://maps.google.com/maps?z=16&layer=c&cbll=38.85037107,-76.97656911&cbp=11,240.511268548585,,0,2.09", "RESIDENTIAL_TYPE": "RESIDENTIAL", "PLACEMENT": "CENTER OF BUILDING", "SSL_ALIGNMENT": "ALIGNS WELL", "BUILDING": "Y", "SSL": "5882    0082", "SQUARE": "5882", "SUFFIX": null, "LOT": "0082", "MULTIPLE_LAND_SSL": null, "GRID_DIRECTION": "EAST", "HOUSING_UNIT_COUNT": 1, "RESIDENTIAL_UNIT_COUNT": 0, "BEFORE_DATE": null, "BEFORE_DATE_SOURCE": null, "BEGIN_DATE": "2005-01-01T00:00:00Z", "BEGIN_DATE_SOURCE": "OP HISTORIC BUILDING DATA", "FIRST_KNOWN_DATE": null, "FIRST_KNOWN_DATE_SOURCE": null, "CREATED_DATE": "2024-07-03T09:09:29Z", "LAST_EDITED_DATE": null, "SE_ANNO_CAD_DATA": null, "SMD": "SMD 8C05", "ANC": "ANC 8C" }, "geometry": { "type": "Point", "coordinates": [ -76.97656577, 38.85037497 ] } },
{ "type": "Feature", "properties": { "X": -8578672.3772999998, "Y": 4711629.2954000002, "OBJECTID": 190658631, "MAR_ID": 219832, "ADDRESS": "3010 32ND STREET NW", "ADDRESS_NUMBER": 3010, "ADDRESS_NUMBER_SUFFIX": null, "STREET_NAME": "32ND", "STREET_TYPE": "STREET", "QUADRANT": "NW", "ZIPCODE": 20008, "CITY": "WASHINGTON", "STATE": "DC", "COUNTRY": "UNITED STATES", "X_COORDINATE": 394492.09, "Y_COORDINATE": 140220.83, "LATITUDE": 38.92985013, "LONGITUDE": -77.06352284, "ADDRESS_TYPE": "ADDRESS", "STATUS": "ACTIVE", "ROUTEID": "11003202", "BLOCKKEY": "b3a2fb1c6f8b51d2bff926ef205b650d", "SUBBLOCKKEY": "d2eaa8948a631f011ae27db2175ab740", "WARD": "Ward 3", "METADATA_ID": 50437340, "NATIONAL_GRID": "18S UJ 21130 11016", "HAS_SSL": "Y", "HAS_PLACE_NAME": "N", "HAS_CONDO": "N", "HAS_RESIDENTIAL_UNIT": "N", "STREET_VIEW_URL": "http://maps.google.com/maps?z=16&layer=c&cbll=38.9298464,-77.06353656&cbp=11,269.319907547374,,0,2.09", "RESIDENTIAL_TYPE": "RESIDENTIAL", "PLACEMENT": "CENTER OF BUILDING", "SSL_ALIGNMENT": "ALIGNS WELL", "BUILDING": "Y", "SSL": "2101    0017", "SQUARE": "2101", "SUFFIX": null, "LOT": "0017", "MULTIPLE_LAND_SSL": null, "GRID_DIRECTION": "NORTH", "HOUSING_UNIT_COUNT": 1, "RESIDENTIAL_UNIT_COUNT": 0, "BEFORE_DATE": null, "BEFORE_DATE_SOURCE": null, "BEGIN_DATE": "1921-11-07T00:00:01Z", "BEGIN_DATE_SOURCE": "BUILDING PERMIT", "FIRST_KNOWN_DATE": null, "FIRST_KNOWN_DATE_SOURCE": null, "CREATED_DATE": "2025-11-20T08:50:21Z", "LAST_EDITED_DATE": null, "SE_ANNO_CAD_DATA": null, "SMD": "SMD 3C08", "ANC": "ANC 3C" }, "geometry": { "type": "Point", "coordinates": [ -77.06352284, 38.92985013 ] } },
{ "type": "Feature", "properties": { "X": -8574215.7095, "Y": 4715087.7276, "OBJECTID": 190660866, "MAR_ID": 250153, "ADDRESS": "736 INGRAHAM STREET NW", "ADDRESS_NUMBER": 736, "ADDRESS_NUMBER_SUFFIX": null, "STREET_NAME": "INGRAHAM", "STREET_TYPE": "STREET", "QUADRANT": "NW", "ZIPCODE": 20011, "CITY": "WASHINGTON", "STATE": "DC", "COUNTRY": "UNITED STATES", "X_COORDINATE": 397964.11, "Y_COORDINATE": 142901.58, "LATITUDE": 38.95401433, "LONGITUDE": -77.02348792, "ADDRESS_TYPE": "ADDRESS", "STATUS": "ACTIVE", "ROUTEID": "11048422", "BLOCKKEY": "df7b972463f1164b9f7312446ee61645", "SUBBLOCKKEY": "03e19def89a8053d5626cc8af4b094f1", "WARD": "Ward 4", "METADATA_ID": 50439575, "NATIONAL_GRID": "18S UJ 24662 13621", "HAS_SSL": "Y", "HAS_PLACE_NAME": "N", "HAS_CONDO": "N", "HAS_RESIDENTIAL_UNIT": "N", "STREET_VIEW_URL": "http://maps.google.com/maps?z=16&layer=c&cbll=38.95401433,-77.02348792&cbp=11,163.920351276337,,0,2.09", "RESIDENTIAL_TYPE": "RESIDENTIAL", "PLACEMENT": "CENTER OF BUILDING", "SSL_ALIGNMENT": "ALIGNS WELL", "BUILDING": "Y", "SSL": "3150    0006", "SQUARE": "3150", "SUFFIX": null, "LOT": "0006", "MULTIPLE_LAND_SSL": null, "GRID_DIRECTION": "WEST", "HOUSING_UNIT_COUNT": 1, "RESIDENTIAL_UNIT_COUNT": 0, "BEFORE_DATE": null, "BEFORE_DATE_SOURCE": null, "BEGIN_DATE": "1923-04-19T00:00:01Z", "BEGIN_DATE_SOURCE": "BUILDING PERMIT", "FIRST_KNOWN_DATE": null, "FIRST_KNOWN_DATE_SOURCE": null, "CREATED_DATE": "2005-05-12T00:00:00Z", "LAST_EDITED_DATE": null, "SE_ANNO_CAD_DATA": null, "SMD": "SMD 4D03", "ANC": "ANC 4D" }, "geometry": { "type": "Point", "coordinates": [ -77.02348792, 38.95401433 ] } },
{ "type": "Feature", "properties": { "X": -8576102.1605999991, "Y": 4711339.2034999998, "OBJECTID": 190662096, "MAR_ID": 236122, "ADDRESS": "1716 HOBART STREET NW", "ADDRESS_NUMBER": 1716, "ADDRESS_NUMBER_SUFFIX": null, "STREET_NAME": "HOBART", "STREET_TYPE": "STREET", "QUADRANT": "NW", "ZIPCODE": 20009, "CITY": "WASHINGTON", "STATE": "DC", "COUNTRY": "UNITED STATES", "X_COORDINATE": 396493.95, "Y_COORDINATE": 139994.65, "LATITUDE": 38.92782323, "LONGITUDE": -77.04043419, "ADDRESS_TYPE": "ADDRESS", "STATUS": "ACTIVE", "ROUTEID": "11045822", "BLOCKKEY": "55dd71196c64a5be692e418e769f5722", "SUBBLOCKKEY": "d09fcb92dd5cb91fc73c4300617891d1", "WARD": "Ward 1", "METADATA_ID": 50440805, "NATIONAL_GRID": "18S UJ 23128 10746", "HAS_SSL": "Y", "HAS_PLACE_NAME": "N", "HAS_CONDO": "N", "HAS_RESIDENTIAL_UNIT": "N", "STREET_VIEW_URL": "http://maps.google.com/maps?z=16&layer=c&cbll=38.92782323,-77.04043419&cbp=11,199.196466716737,,0,2.09", "RESIDENTIAL_TYPE": "RESIDENTIAL", "PLACEMENT": "CENTER OF BUILDING", "SSL_ALIGNMENT": "ALIGNS WELL", "BUILDING": "Y", "SSL": "2588    0015", "SQUARE": "2588", "SUFFIX": null, "LOT": "0015", "MULTIPLE_LAND_SSL": null, "GRID_DIRECTION": "WEST", "HOUSING_UNIT_COUNT": 1, "RESIDENTIAL_UNIT_COUNT": 0, "BEFORE_DATE": null, "BEFORE_DATE_SOURCE": null, "BEGIN_DATE": "1926-05-12T00:00:01Z", "BEGIN_DATE_SOURCE": "BUILDING PERMIT", "FIRST_KNOWN_DATE": null, "FIRST_KNOWN_DATE_SOURCE": null, "CREATED_DATE": "2005-05-12T00:00:00Z", "LAST_EDITED_DATE": null, "SE_ANNO_CAD_DATA": null, "SMD": "SMD 1D05", "ANC": "ANC 1D" }, "geometry": { "type": "Point", "coordinates": [ -77.04043419, 38.92782323 ] } },
{ "type": "Feature", "properties": { "X": -8569940.659, "Y": 4706001.8602999998, "OBJECTID": 190663932, "MAR_ID": 287993, "ADDRESS": "37 14TH STREET NE", "ADDRESS_NUMBER": 37, "ADDRESS_NUMBER_SUFFIX": null, "STREET_NAME": "14TH", "STREET_TYPE": "STREET", "QUADRANT": "NE", "ZIPCODE": 20002, "CITY": "WASHINGTON", "STATE": "DC", "COUNTRY": "UNITED STATES", "X_COORDINATE": 401294.0, "Y_COORDINATE": 135852.38, "LATITUDE": 38.89051428, "LONGITUDE": -76.9850845, "ADDRESS_TYPE": "ADDRESS", "STATUS": "ACTIVE", "ROUTEID": "12001402", "BLOCKKEY": "7663e68e63feab4ac37c4dfeb1ad6818", "SUBBLOCKKEY": "530e52b2f12d353a01f52d2a333d87d9", "WARD": "Ward 6", "METADATA_ID": 50492501, "NATIONAL_GRID": "18S UJ 27839 06504", "HAS_SSL": "N", "HAS_PLACE_NAME": "N", "HAS_CONDO": "N", "HAS_RESIDENTIAL_UNIT": "N", "STREET_VIEW_URL": "http://maps.google.com/maps?z=16&layer=c&cbll=38.89051428,-76.9850845&cbp=11,90.8165040764495,,0,2.09", "RESIDENTIAL_TYPE": "RESIDENTIAL", "PLACEMENT": "MAIN ENTRANCE", "SSL_ALIGNMENT": "ALIGNS WELL", "BUILDING": "Y", "SSL": null, "SQUARE": null, "SUFFIX": null, "LOT": null, "MULTIPLE_LAND_SSL": null, "GRID_DIRECTION": "NORTH", "HOUSING_UNIT_COUNT": 1, "RESIDENTIAL_UNIT_COUNT": 0, "BEFORE_DATE": null, "BEFORE_DATE_SOURCE": null, "BEGIN_DATE": "1983-01-01T00:00:00Z", "BEGIN_DATE_SOURCE": "OP HISTORIC BUILDING DATA", "FIRST_KNOWN_DATE": null, "FIRST_KNOWN_DATE_SOURCE": null, "CREATED_DATE": "2005-05-12T00:00:00Z", "LAST_EDITED_DATE": "2026-02-11T07:09:19Z", "SE_ANNO_CAD_DATA": null, "SMD": "SMD 6A04", "ANC": "ANC 6A" }, "geometry": { "type": "Point", "coordinates": [ -76.9850845, 38.89051428 ] } },
{ "type": "Feature", "properties": { "X": -8577505.0746, "Y": 4709765.4587000003, "OBJECTID": 190664230, "MAR_ID": 218916, "ADDRESS": "2402 WYOMING AVENUE NW", "ADDRESS_NUMBER": 2402, "ADDRESS_NUMBER_SUFFIX": null, "STREET_NAME": "WYOMING", "STREET_TYPE": "AVENUE", "QUADRANT": "NW", "ZIPCODE": 20008, "CITY": "WASHINGTON", "STATE": "DC", "COUNTRY": "UNITED STATES", "X_COORDINATE": 395400.47, "Y_COORDINATE": 138774.26, "LATITUDE": 38.91682452, "LONGITUDE": -77.05303678, "ADDRESS_TYPE": "ADDRESS", "STATUS": "ACTIVE", "ROUTEID": "11094832", "BLOCKKEY": "1eb66b50eeb18472a854aeb09880caf2", "SUBBLOCKKEY": "1eb66b50eeb18472a854aeb09880caf2", "WARD": "Ward 2", "METADATA_ID": 50442813, "NATIONAL_GRID": "18S UJ 22008 09550", "HAS_SSL": "Y", "HAS_PLACE_NAME": "N", "HAS_CONDO": "N", "HAS_RESIDENTIAL_UNIT": "N", "STREET_VIEW_URL": "http://maps.google.com/maps?z=16&layer=c&cbll=38.91682452,-77.05303678&cbp=11,176.139282307569,,0,2.09", "RESIDENTIAL_TYPE": "RESIDENTIAL", "PLACEMENT": "CENTER OF BUILDING", "SSL_ALIGNMENT": "ALIGNS WELL", "BUILDING": "Y", "SSL": "2504    0804", "SQUARE": "2504", "SUFFIX": null, "LOT": "0804", "MULTIPLE_LAND_SSL": null, "GRID_DIRECTION": "WEST", "HOUSING_UNIT_COUNT": 1, "RESIDENTIAL_UNIT_COUNT": 0, "BEFORE_DATE": null, "BEFORE_DATE_SOURCE": null, "BEGIN_DATE": "1921-09-01T00:00:01Z", "BEGIN_DATE_SOURCE": "BUILDING PERMIT", "FIRST_KNOWN_DATE": null, "FIRST_KNOWN_DATE_SOURCE": null, "CREATED_DATE": "2005-05-12T00:00:00Z", "LAST_EDITED_DATE": null, "SE_ANNO_CAD_DATA": null, "SMD": "SMD 2D01", "ANC": "ANC 2D" }, "geometry": { "type": "Point", "coordinates": [ -77.05303678, 38.91682452 ] } }
]
}
